{"version":297,"hash":{"type":"Buffer","data":"CNvbdou+tvZ0tNat4/XYde1wSqegJlhdolRsp0Z5xi98IYGpa4IeKnJ/iH0b+sLVVvLPMTJDur53fIgKkN+YYMaQh98Q9+826zPdmoa2ZBOFkQf1GxQWNQ+KiV3Vj5s1UMVLwgsre7S2dcEwxue2d5whZE/i185KnuNY4+I333o="},"indexValueMap":{"AEDgbAmMXi2JOmM1ea3H60pDtdK8Vv6rj/sLsR1MGVg=":{"valueMac":{"type":"Buffer","data":"FAKnyNRRufN9JRsUjiWIb/8GhR8uAgYfq9vnVSOFD7k="}},"AtOYr+ejrA6XcV3pTHqi3pw5vHQgmNvADTYQpKEnq4k=":{"valueMac":{"type":"Buffer","data":"6IyY1QLuEo3jmGL0JYTMa6SOgFYc4TixBKBGLXuUgI0="}},"BlHXbBF8niKH6oiaFLicNXm7NKN96erN0/cCEJvEuTg=":{"valueMac":{"type":"Buffer","data":"VVufofMcC3glV8FtvEIKg4377LNtsZp95G7SWdd8BO8="}},"BsN6ONiZXDaIu73WMN4q8p0W9sQU6gfSVWPMxkbKUY0=":{"valueMac":{"type":"Buffer","data":"NtrCIMR+NxZCKj0okz+KXm263vDMS5nfBFZdlYpQ5xA="}},"CNdMmibqyHyM7fnyGiYwlyUlgZpJAUtmZy1/XFK8Q7c=":{"valueMac":{"type":"Buffer","data":"F9DSRONBWRMz3aLLQsLqic1H4uq5HU3AAf5p6lMC7Lk="}},"CTBWyukOy2Ia7fnPnM0S2zYXOvNRMU28tMdsBI/PJrg=":{"valueMac":{"type":"Buffer","data":"1Hwqn7xXZk9Qs8Sbf/1TtSvbvFhuIRaJ3rmGTHnxIic="}},"CZUKkcUJP9rbUTjOuHN6U068rBqF0u98zokJQyrs2u0=":{"valueMac":{"type":"Buffer","data":"iKZ6mg9ApTt9G2po3/jY7ah90EYuFDc9zf5Z6kVV45Y="}},"CvEbi+CVVT0lV2iNWe7m01Nil0u2BFbUGVTsc9EQji0=":{"valueMac":{"type":"Buffer","data":"yKyepdsFqaOQmlrge2ARFT3UWZNtnfMoTiYjVgvqJx4="}},"C5dhpFltfiqhsGSWbwK+lU51vOmoZa/b4TVP8BZkbm4=":{"valueMac":{"type":"Buffer","data":"tkYthude1JiYpKh7QqVt1niNYCqFmhuX5gPnKV0SVSc="}},"DEzUlHCQdj4iuEVI6A6y/l3qEREJiZuOUTs/BSPD68U=":{"valueMac":{"type":"Buffer","data":"EbZtDqbiaB0tMkZzQFDsKIaxEJE/o2QeJB89ErNJ/nk="}},"Do9k/oA9y+Z47TlG/t2O8K7vHe/wlzggj1ISSu6v9eg=":{"valueMac":{"type":"Buffer","data":"OhrYmipqS4lT0/8rp9qoGpxlMy4pg8bS94+gtUZTN6Y="}},"Dr/ovrxtIvUXKTtba4XmbvUulE537Lh1pQuJt8Uzwzk=":{"valueMac":{"type":"Buffer","data":"7qdeA6hGDQQkggVT5gCpf1/mNB+FczNB2tUN27WiyKg="}},"Dw+ktOE2I9gwKD2aWwoaJ3j4x1uakJWGOIolqLIiw4A=":{"valueMac":{"type":"Buffer","data":"9bQb6LC/qRpH2F7DDAAhJHMPnxwgi+cM0rzK8ZVb+BE="}},"ET9YN5NaubSkgDjomnTCDaqjf0mC8yrZZc4HUyqFH1Y=":{"valueMac":{"type":"Buffer","data":"cnWrhMz/n5PxbYJdyJZoGLirVLDBVYVQd/fz0rFW5RI="}},"Ef6kiWgaCOS18aJAlTqmsC3QP+zXuyKMWtUPuf9Lfzo=":{"valueMac":{"type":"Buffer","data":"1Z15rSKzU1iJeEdlk2Bd1UXY2TMwCxYNZ9FUwxsEwMQ="}},"FX8IITpmEGX2X98fqov9Mm6LRZ0nWE5g7hQIUqb1XNM=":{"valueMac":{"type":"Buffer","data":"2nVoF0EFoY5XtCpqwbKmH1un/HoYZM8BSNPCY0hHSkg="}},"FhM140B1G0yAkdtJamiM/z/xIFfJA0cAPNPqXuIGDyI=":{"valueMac":{"type":"Buffer","data":"7czaPlRBqHV6aa0JXQcDwoCKaop9wYj+lgs99fP443c="}},"F3HoZZpbbCyfDg1djYNfTjvaMArr2slgJfA3knhKUrY=":{"valueMac":{"type":"Buffer","data":"BhZsgoAB8Nzh2rBeuHDlWS4GNA4VpmJ7FAsheKWIAzE="}},"GYNBtT4axNdvG09GuqoNXeHPtTDXtMNPa9ij9ljTRmM=":{"valueMac":{"type":"Buffer","data":"4TITsVoB4zOF5yBfSGPpTTnJrzrRDJUMX99Ftq5copA="}},"GenaLvrFxAVqsa/DrnYVTIB0bF5Sl0U86GkZYpSONos=":{"valueMac":{"type":"Buffer","data":"CQ3eGQ60czqi3mvGy3YLkaKy2BZjdk3aIX17ixRDcck="}},"GgLuMEdl99B4Ooas16/2zMEQVb+Mgb9+YKcagroEz9k=":{"valueMac":{"type":"Buffer","data":"R5UI81FlHEedQyBgvNB2BQFMdd1MV6k4B+DPFtAUTYw="}},"GosCyWAUyg6Ymt5cZ68DZ2RZ5GzkGxXBKmEuMi79bQY=":{"valueMac":{"type":"Buffer","data":"jlIjNPQN2DlZ5BCoV+R8ZchN6MThYMOyI/PARzzyNyk="}},"G2TWKqvvBCmLA58w1L5tmlje5mLsCgkYr5yjTLsK++g=":{"valueMac":{"type":"Buffer","data":"mZHDZOqA3sFQxVhumoU3rHCSTNlV2FTAOA+VJXER1ZM="}},"HK550MXz7e5PG0FaVCqBBjEMq+XPUVHOUTdiG3m9RTU=":{"valueMac":{"type":"Buffer","data":"XjjTEERIrLjknmIj/yPaInlEqBSEyChdhLD8KfpF50k="}},"H71RbGH/PWr93CHbLoHK9QH0IC+WFwjJp9HAOdGTMJI=":{"valueMac":{"type":"Buffer","data":"fqtSP2PW//GUoDVvsUJk/LNG36jQCGAbNtewaFHH1rA="}},"H8fcEYgC5kLkd2bSjuQHjvV5TpcFy6xRDfx9IehTl3s=":{"valueMac":{"type":"Buffer","data":"NlYjZd57ExMRlmBgdqz2pNECgb+NnDF5sKD6+rcxZuE="}},"IBETFKYo9S0elO2u7zcv9hVSRMw6z3twuxQOW0MrKrM=":{"valueMac":{"type":"Buffer","data":"CWd+aEhzO/Y+Ha9kvxzY9U/cLsjP74CICssJza/WHqw="}},"IUECCdCBIQQuVUCB2x8fQaEgAuEkYNgjuPbEmvaR0o8=":{"valueMac":{"type":"Buffer","data":"Ad7PO6a224DXcwhMktNnIxBAuXPhBrATomLoJ2nDKtM="}},"IdcMljU+rw+TPeHgNEbgSKLeGfTsVeudoNRw5Du94JA=":{"valueMac":{"type":"Buffer","data":"FAUj1eCgqWxfYwxHuu1TBiymOaqFKDullFaY0vyxNIc="}},"ItA6G740hKnaY0ooYUHK1J9T7g/5bwX26IUF+hKePyc=":{"valueMac":{"type":"Buffer","data":"1VwPTWmzRC3T0HN90LbmlrV6am340AlrGBFyGNz0JUI="}},"JLrB6MCrz5s90h1YOMosYwUfwvPZzsZEz60/sHVbUqI=":{"valueMac":{"type":"Buffer","data":"49fYI38XqviuMmVg5MYmG9M2z3F56iTi53VoT1xKO4M="}},"JMrmEJN7aylJAMwFbT8B3WCkU5ffSF6NUlb2ULHobIg=":{"valueMac":{"type":"Buffer","data":"FE4MzSKULkb7EO4lLMObKyfRHd4AOxKlpABENngYXN4="}},"JYXLknKeIcTH4zLTruEtKXa6k22k1YgXTnOqENYsu4w=":{"valueMac":{"type":"Buffer","data":"kuiewgHL61HBbXP9OhTFRIWzdqjmynswZ08+PS5WgXw="}},"J1S2nOxdzCafXq+AXfFeKBt55UDYxfHYScfgCFCJ6+Y=":{"valueMac":{"type":"Buffer","data":"SdB/t5bS//MEKmLVvfxGnN73p2x+TzPbrdBccPfmPLU="}},"KNwlkRVoKkWMfgzDqSup9rz4UaWCti9Cggmahic9lKA=":{"valueMac":{"type":"Buffer","data":"8ErzSCuGDzte1b6ELqje3dtg+gLDgLPtpbdJUyJrNzU="}},"KQVjybbJE/UceiKSownxbCv1kXX9XilFYwTRI4wiWx0=":{"valueMac":{"type":"Buffer","data":"vRRNTDTbTyNjEZ+VI9hBoNKGMGqOJ0pIgAyhoVeYLj4="}},"KXXHOxOY4jY1RXokcgJVIsu5MMBkt700e073XpybFoE=":{"valueMac":{"type":"Buffer","data":"/nSjgLxrRBlb6YcyNKKYDzk+vaqgA0nM26ILspxZMk0="}},"KXYrVhRY/61JGZk7IvJ/fXnTnzJXTWRaepZRm7MQ0qI=":{"valueMac":{"type":"Buffer","data":"7sapwpM77Aabvj1aZCsh/vgUt/OPz2OuR4K9L7+ssMc="}},"KtzYLwlbsKSdmpc/Gb/en0l2929zQiYOspX9clFtSyE=":{"valueMac":{"type":"Buffer","data":"RA5hwbxRXZz0wqNUNWDp/I62NQmyv37XlqQWmm5gblw="}},"LPXdXSicrDbKKp5imCySAwFKwWsYETiIGELVAZpTiio=":{"valueMac":{"type":"Buffer","data":"Swq2XKF9rIm6qoI2Mcfb8D8t52R0a/E9thq9HpyJT/s="}},"Lhla0f9yz8U/vPYhuFySWX4t19K+XYj2zWJpLJosLu4=":{"valueMac":{"type":"Buffer","data":"2MsHHdl/I+26Aeg+Ur/ilI7c0D7RREhnEsOAU+Mb2q8="}},"LoMeqLyVjC99uipUY8uGPNHwWH9gpHj7j7ECgJfI704=":{"valueMac":{"type":"Buffer","data":"6WYtKjpP5aJalqgJRHAGkRDmkfCVeTdLR25nNxn7uzc="}},"MJYB9rWLLE1ZrnsbVd4DH2IcRtq6ECAXHB7opxakAXY=":{"valueMac":{"type":"Buffer","data":"itrRTNRk3ZHYWkDWDjGOp2J0pQXkS2E21u5Dyvr40I0="}},"MXw67MqrSTNSFY42aa03TWGhI65tKzeDAZMN/Cy0qsI=":{"valueMac":{"type":"Buffer","data":"d0QPVtdyMKqSdJ1GK6I221T2uhkvnaCwzQlUKTbex68="}},"Mn3Ee+Nhs5SlfLfhw6IP/JBT5SrT1Mgz27trVaf1h6U=":{"valueMac":{"type":"Buffer","data":"xq2maX5LsHXzsGDyr5zQZw3uI/9RjCBoln7BSh6tGZ8="}},"NNqGVEEeu6mirFOIa6vpx2JJPQAsVDpXWnIeJwsZh3Y=":{"valueMac":{"type":"Buffer","data":"5oIvSpn6e7uYntLUaszglAKlIzQfQmcS8U1SEKX+St8="}},"NjztcM5IR7ccH+E+XK/aErPCclxl9oXfXbbpyF7/OWA=":{"valueMac":{"type":"Buffer","data":"wcpnxB4JQECgAXHXFINRRZaTrbTWmMtr2YpCpf9n0pE="}},"Nrmv7pk+vwS6+RxbvCB2MJtWjluNNO48B1ZLMtw+dvM=":{"valueMac":{"type":"Buffer","data":"YMhYSuX9uGUXYBb81WIgbnkFplwZg/QY/3Yp2D8D/1s="}},"Onr+dTY1KwzJT5xVfIoBD/Sn9tdU3ZP8hPTZ/DHU9/0=":{"valueMac":{"type":"Buffer","data":"xcxCrvlUV2ATDc1FjAjqjQqT7Z3cwMoBMV2hL3H2Rdk="}},"OshExLm6EILyzljlwejccm2rBGCi2ig0cwvSps6ObOQ=":{"valueMac":{"type":"Buffer","data":"eQi/9SZIcVCZCVmaSYzsCAdbB24SquNkQJfCjnOgk5I="}},"O2SFCHKDsyKWKISvWAiOz46faoxDWHaR9yYzkcmkSec=":{"valueMac":{"type":"Buffer","data":"bXvUr9WddGykCliJwT3or2kEsvZqtuM/AazXQkSsAhk="}},"PAdllSohCdfue0Pcg4GhgkrRacfvO9FoGre/iZ2CYUA=":{"valueMac":{"type":"Buffer","data":"Mo+DZiBywi/P0k2qEhxTAzUODCbFoJsaodvHS/T7tpo="}},"PX0PedgUsb9FKELiHkxTvji1HMatoL1A+UmJeu3NdnE=":{"valueMac":{"type":"Buffer","data":"exWSe23tku+0SXLy7pBk4cPg06ZVrUyihcPCBnRQBiw="}},"PqgENPY3jI4eQ6/jru9jzJTZWa2rukZXdqJd89sqkLE=":{"valueMac":{"type":"Buffer","data":"yM1gZNJVnskOIJzof93R1AAYtJmF6DbnT2I7qe9iWeM="}},"QKYMEK0okskVEDhZYje6C27zFfJT6YTTqZcM+faJUdU=":{"valueMac":{"type":"Buffer","data":"ySfzcBL/KIIcF7Vgfycd9Z7l1vwz5T10PLLSLB1ic9A="}},"QgOObb8jzUcqhMUMeGMLAzfDumFHlHJKj7Lhx8qOhio=":{"valueMac":{"type":"Buffer","data":"FAJbuz0nYab9gyIykv+WGlVP/kewFEKYGbucorS1HkM="}},"QrQv6AttCBVbgIEs/w/dFLT9oNYIQGicWHLTE0ts5GI=":{"valueMac":{"type":"Buffer","data":"axgP5cTWr6w0IPbdzC2KYpCotnhpuqtT0o2ZuL1PQh8="}},"RkKWIX6ScFEdyNkgz48nnS2XZqkqkf7i/AnAvlQzKUs=":{"valueMac":{"type":"Buffer","data":"+Rt9xT//XsUEU1KF633DwZvA+XIi6GqL8FP1jIhR0sc="}},"RxVlvRJm4nfutvJkg8RY8R7rMgYrl+DtpFBU8oMY3io=":{"valueMac":{"type":"Buffer","data":"fS4vGs+/3/NYGV+wlDIwDY3V53bHEH/6f6u5zpIZF0A="}},"R0JGbef/7Vh57WQSFaqSfUPUFU8qKVGacPpWn6W/6tI=":{"valueMac":{"type":"Buffer","data":"ahGVLQvR02Mlc8AvoFlOKX9fEQXjzzI3Cajd2rf1xP4="}},"Sb3zpyL+P8PBJBEc9Pxdmpr9Zkxh8t+MK00hqQRMTQ4=":{"valueMac":{"type":"Buffer","data":"/j0249eQCthL1tJESwit3O0LWJCQ8BBKmos+FpMWTig="}},"SxLigJU9gZY+0D7Nw00IbnZgCtrHsCTGXO3yo9igcoA=":{"valueMac":{"type":"Buffer","data":"iOl5ZjW/nC4QH5UHbZNdCXYHFxR1/QS4bBxfymS9nJg="}},"S3zC6ylI+o3hexfXt1tuZqUsDY1+UvQR7iWxe3EaIeI=":{"valueMac":{"type":"Buffer","data":"jd8FbwwJNz+u7ro7Z/cNDY31xsyJFFlYxJdUeiv8sjw="}},"TCC+AzV8xUa/SkTyLg6doNJZqpoQUmCMezTOtLLXNGQ=":{"valueMac":{"type":"Buffer","data":"JOQaEVklJF9raP4DoQTyIRm5xf+liAWUkNiiyaXyXxE="}},"TksFvHuvoOgAHsOm8uBLn4lLvU/XmTgbY2FTEsIoZOo=":{"valueMac":{"type":"Buffer","data":"xTDk4dZUcSb9SRCSFOHdeIvuLctY+HufayYi/OVA9ek="}},"TtS1bB7N/OiynJrAL6vjnw+Nz7MBrDbMKxeFqum3pp8=":{"valueMac":{"type":"Buffer","data":"MxezzMZPdTQo7d32nuPr5ekxJ/XqiQrJKLD3NKUWliE="}},"U179Hacz6nfe0ui7tLnKDaHwJPvoRQGu/W4UsEEZ6DQ=":{"valueMac":{"type":"Buffer","data":"JSovMEXaBd3TaWAn+nTWs2opPtcyIlmWN5LcGWUwHus="}},"VAKCIIEwCxBzMm8TF+lntms36n1OJLmRurNIXIxYSVI=":{"valueMac":{"type":"Buffer","data":"zDshjWFcENW5NtUwFKKE4MMWhy2BQsDFnU5kOuYCZCM="}},"VMwnXXWR77PEfV7Ju7J573Zog5uZE+7+oCjvjjn8de0=":{"valueMac":{"type":"Buffer","data":"aDC3qGA2Qr8stiagtUWBeLQVoQG+DGQmdze3rAhSoP0="}},"V7XmlYzkeeCuSAjurj7SfU5mM/VSMdWucpjSo5FoxAY=":{"valueMac":{"type":"Buffer","data":"7XtlbeohOFAc2V8hXT9yfMin/jRac/VrGbf1UKGEJzo="}},"WMT3E6G2xqShM1R4wb+r1OHY3mRxciZkhZMLqizjRRk=":{"valueMac":{"type":"Buffer","data":"f4aDfMZen/2jkA2arQAntd0LOkNgTYIu1OpG1KUi0N0="}},"WQRhXjOBS5Vovr9lj3ky00xiV49/iM31QHFPFPrAdUQ=":{"valueMac":{"type":"Buffer","data":"oNw2TVl8qAMcoY9F+R74Ir6TL9F96jdDH/x7eWaoMGs="}},"Wq2ATumb7PSY54n2wP1edVJxJtE+iuzQxgo4IDM7eIo=":{"valueMac":{"type":"Buffer","data":"gskkxFrESC9KDg5pURpZ8JvI1/qd1LYh/0HQGUVnSPg="}},"WsmCPOIic1IAZUgrjciL1d3Q+jrMaeg0qHj3FhKWXGA=":{"valueMac":{"type":"Buffer","data":"V00qOHILt2gPAKwPBzWCJpqVecMs/GSXO+knb2rdrZQ="}},"WzN/DkIzG/1PMb9Nrt5xtjw0fWQW3B0eliBHPYOD1v8=":{"valueMac":{"type":"Buffer","data":"VzpV9Om7RLFp1HLUZGctQXmG4hoYdm0wGKGDmw0U71Q="}},"W7dEBJB1pHTLBry6Ak3tkE1oPJ7Lej8LhZ6wISKgpAU=":{"valueMac":{"type":"Buffer","data":"ePJjOLJqhh8/qT9dwUZwIF4AYXK5IGkqPkBDX9YXi6Y="}},"XBeuBONTHe6MRiZXE3Qs1t+RYNuXG6G4Coq6EySPh1s=":{"valueMac":{"type":"Buffer","data":"bIQxk8hAENXO927D1EXaJz+SmhdyhE6doG4V5RV90+E="}},"XXwhRNB16vLsteqAiSwe2igS3y8Lq7ekoiv3AzuMqbQ=":{"valueMac":{"type":"Buffer","data":"8iLzEnO0uWe1s52yR903ehcHwISOjsf9hI4crgXXz4k="}},"XoGq/4xkTlEqJfusB8j2w4B5e0IM6RTwlR23isJWacU=":{"valueMac":{"type":"Buffer","data":"mR8w2bsqB9o1A+ZwTh9eVMORLr7xp+wPc+oXppzJOgs="}},"YBNLYQPI5FDWfxe8sqA+Cmh+Zn6AbPdWIESJoZc1C9E=":{"valueMac":{"type":"Buffer","data":"nPxdnRdqsa+SUq/jVKQdASVfSy10v01v62kP2+lD7iI="}},"YSqIr6wjCobBPSPXGk/4AlAWhyYluj6RFCx4ErtHH/Y=":{"valueMac":{"type":"Buffer","data":"HCyouCGZbf2DphPZIkW6w4WgIIl+Kr07w/EpfLvke2I="}},"Ya8XkSKlgaY4qBwUCB1EwwdLR9WBNCCXFZT2gUS87aU=":{"valueMac":{"type":"Buffer","data":"ouF1jnAsT3m56dtWiWULI8xOTvOGM5jHV3urNlfp6Ag="}},"YnORXXljSxLBYFhS302+nSdcj3AX7SriyFGpjjxZ+8Y=":{"valueMac":{"type":"Buffer","data":"tV7+7XJYb6n65zODdcJCtX6xxcq8SF4LQF1zkrztCTo="}},"Ynh/Pj6Omx4BUdjVHo03fjvo3WpjsRsmyNPCsYaLdEk=":{"valueMac":{"type":"Buffer","data":"qpE6bCzPxqWUT5JYXrPI+r6Fr6fdJYE4oe0jNvhm05o="}},"Yuexg7WSLohgg9578uND0jFPxnK50c8fC8Xpna4G/7E=":{"valueMac":{"type":"Buffer","data":"h+10wUKNM95bF8gLaKjBIQLLcM5MeBwyA0NH5iU5DWE="}},"ZbzdbW80bq+ksah/5L+xuPziMsWutvcJSlPdbP+s7Z4=":{"valueMac":{"type":"Buffer","data":"xIaEmGjN1gmQiP7WjWDFHHH+V7Yil4Yu8kOguOIYJak="}},"Z8qmJgubL7yJ6OZN3D2uKPwZ09TE2Q87MikNO1CY64Y=":{"valueMac":{"type":"Buffer","data":"e34duc/UQdVff09FtCkcSRWPZI8YpqCDOaaahVHknc4="}},"Z9vZnrWMeYn7aKNHr3ua6BGq4gdp0TNhHHtbBHdQJwQ=":{"valueMac":{"type":"Buffer","data":"0a+xdyNQG+P/bKBonE+ondta6ttUT46dEFvsqkoi+6s="}},"aH3pZUnqwuZyZCCezDk6tXm0ZT9f/AKn/2JAuDomG+w=":{"valueMac":{"type":"Buffer","data":"DEDrUN7HpNYFwxmTFrI5hCMtmqgH36z687nkqNpYxlQ="}},"aNRIAMsaNHGPk2Uaov+DHpxaXGUn9y+x6/7M82BZpDQ=":{"valueMac":{"type":"Buffer","data":"Yiz6AeJi1G1am7GCUu7ugRaJQlElOvuccm4NJyzmlQE="}},"aQJ3KhFeYHTtWG2PIHCcj7etqcUcwuFP0rn4Z+K18XQ=":{"valueMac":{"type":"Buffer","data":"9qnMQ159Gg0308yjOcCo3jVNX4E1SVkYKLP/PwPjybI="}},"adZRuX20ugtFNvQR9jZ2B0E3rRwB3HwR/lu/rQ1iWsk=":{"valueMac":{"type":"Buffer","data":"KdH0kVisZYYH+8YGYTOedVCUlfRNOLSl9psIYzrq//s="}},"arRGItH+EJvYP0Eclkvg4xuQw3VocRzb2LZP6ond/9I=":{"valueMac":{"type":"Buffer","data":"5eUV9KIUjMOpz9Zd0gdKQrLK9KV5aavpzHF55dnd+lQ="}},"asMmAo1Vj94vgOrPqBoGoj5g9rXcLJ15CRBbrGo18qM=":{"valueMac":{"type":"Buffer","data":"fXbVnQmZmVg/+HBtVDqbtn1Dc63zng67A+t8rIwQ9EQ="}},"axyaQA1Pw5mlAJbRxR7oSQl1s5GTpW+n/hzuR4xfQ4I=":{"valueMac":{"type":"Buffer","data":"L28A4RR2y0n203up4H0/BHdxYjEZLMd71Ig4TIgRcNE="}},"a4RHi85tMr8xYnGClS7MHGWW6I4NhRY7iHGHJT7hwC0=":{"valueMac":{"type":"Buffer","data":"sLAzt/0Z7/QHn+sno3oGPfo3FGbLNUKTkOvEJ6afOZo="}},"a7mjxJxG+BvIJyuG+ulPTxRUpQZjLxpH359KnKyO2Ow=":{"valueMac":{"type":"Buffer","data":"xRT3QYG/3LfzQKA+Q6EXmakFrGfs6v0IcJuckmy47GE="}},"bHzTX3WockDzeUkq7RnlLK+HsnpLqRcpIJfGVnubbes=":{"valueMac":{"type":"Buffer","data":"Cg9vPFKxrlL7gnbJ3U3KnNH48FCQ/InYtEddMNlFHSc="}},"bhpGC8+tIOuLIdkVvfXGhCXY5xmD4K5K/Pqz47+Kz6g=":{"valueMac":{"type":"Buffer","data":"Xu+brAHcE5JkP/qmNCU1a4uyfWDz73QaIfFjbioNBBQ="}},"bur7uWzBxG3/aVH8yYX9/3PAfGHvH7V0vc6YA4jBrSM=":{"valueMac":{"type":"Buffer","data":"+BD42qlxaUJf5ssd9kZPISgL+Y3MTzXp39B7AaKBiVw="}},"b35FAJnTxNdpeNsi4YZLsjobqRlDpZz0Xgpb6rlqmmM=":{"valueMac":{"type":"Buffer","data":"I6yGAZMEJpJULrzr8sla2tb7rN/bv7IiLThgiyOgqGI="}},"cLoamntqNUapkMiGwUbsyNxriudI2M6SzfqMxdRdvBs=":{"valueMac":{"type":"Buffer","data":"N/jnPiIUN9d5PO+2MNbpj3zN/3PZgaR8GQ4tlWCSYuc="}},"cUAqaEtVusfLmFIyCn6/3A3LMXFy60JmeFaiCwUMW0k=":{"valueMac":{"type":"Buffer","data":"FtNANM6yz4K+8nJPo+Miu4rj7bivgPsLnfXevgZSwgU="}},"ckzrXi/isUCiSJWpP4DQ0rccyedyS/XSYSY3YLmKAqU=":{"valueMac":{"type":"Buffer","data":"q2GrXB8h3bpvyfQqjZqVrxdlbZJ5FK7YVVnXhY1w6Xc="}},"ddxyAARTMRh+WKbX594Ky3y/VEtmL2/dGAzXuCJhLkM=":{"valueMac":{"type":"Buffer","data":"FJ0dyZah3YtD+NWP+rXjH3eS96lA+2mHENJBm8HpT1E="}},"eT/BXzIp2UktU90ABw2K5jeB51QFN3NL0rleiIdZ1NU=":{"valueMac":{"type":"Buffer","data":"5mLge+e0xRWCAZ932yTZNbpiMP6Zs6pN2QyhlvZT6Tc="}},"fa8yQoPwqIEqbbV4aFkx383Qq3Mnkqf4+Nl1oF5RLBE=":{"valueMac":{"type":"Buffer","data":"48WwSGl01YrUJtFFCJUnprWSwax3AFcIcHSVeH6j0o8="}},"fyDFyDUji6C0B78azSSDH7SPYrvOuOtuZ7gDC8TUUkk=":{"valueMac":{"type":"Buffer","data":"C7jI6zeUY8O2r7wnZb/8s+cfcqj1TUI5ZyYYcE4atQY="}},"f2yZT9MDGc3EQIpmPWjCr0waVAZuUGMxrA1vbk3haE0=":{"valueMac":{"type":"Buffer","data":"cTx1lOg6uFM2N9heIDHm9zVCMJjMBE9jhNI+3fH5vPk="}},"gdivTfc8QM7qkTgcNUcytWw0WW/ibRmlsvTPeQlP8Uo=":{"valueMac":{"type":"Buffer","data":"js4hUArcgTNye5wEJQGOnnqcrOfqYkvFmK58B1j0LG0="}},"g2+nsO1bVlZaR17pmbtObA/3Is9ssVBaSqVqRNHqsGI=":{"valueMac":{"type":"Buffer","data":"oqhQYlTZIDU1SX1wbx7Nf5JFyKFk2zk0wMZQ5j0N5D0="}},"hVu0YmvSuBbkChwpfkGatm6cB44b3E+IPZwjKm6WLik=":{"valueMac":{"type":"Buffer","data":"HxE5gR0Kp3C7+oDCy0D7CYdRuPAWp0rr1iso0FJjlBc="}},"hwkQv3S6Sfr1qqCT9eq5dGJ3xNNqmPcwmNMGZ+lxwGA=":{"valueMac":{"type":"Buffer","data":"kVN/zpGGQ+/bw6yREpp7aoKMa6ZU3WBHZQ5GIQcEf24="}},"hzQpM6W/rHExclW2OpnJhBN/da/iCP7QCjB2F3p+KwI=":{"valueMac":{"type":"Buffer","data":"ET+HbeBSkn8ee5Y8Um2sfGWY2qjShsqaJGMoML6AhzM="}},"iECm1aYXke8v2EY3+eYUGEIlr8YBTn9MNoxmSZixuNo=":{"valueMac":{"type":"Buffer","data":"11RO4X4eLKxAFa5tqnurM3N5KYMQ6+xdhKbK6je1lSs="}},"iqCzLv5gh9B+DuPRcP/etIUMMIqKuBkxVUahR9vFpcg=":{"valueMac":{"type":"Buffer","data":"s85mtjalyTN9VQir+Ql2jJezVHfjcmUUsLMYbfDRowc="}},"jDHxuZQ3PL+FXN/6TCb9tYo4NPiA13MPu9zxaPsMwro=":{"valueMac":{"type":"Buffer","data":"CTAoZ+DeSJu5cnC1fXSg/vqDauyI+DsV+vB+ffXAnyw="}},"jNVa+2tkueBDfjtzkBrWRYP8IvK5hfloiRuc6boVEmQ=":{"valueMac":{"type":"Buffer","data":"FRnpU5TcXKlfljCzG1hRL1CvBMfV2tN+p6qlJBQVnCo="}},"jQsOoDYJwssj/sffP8sdwPp/mA6fYqeB2VRrohQF+dQ=":{"valueMac":{"type":"Buffer","data":"EjKagN27PHwtlhSpjiv3EWgqFLSq3oTeFteeXPinfrU="}},"jVu1W1RseGRXWdLOLF3fZRieyXcbLGT9s+is3zQTSu0=":{"valueMac":{"type":"Buffer","data":"m8fsTdPtRuzIGTAyxc+RX2Jss1wPwqmVCnRx5NI8M4I="}},"jqqdCnbsBbAEpXSfJdMzLfdm7Z4LxTV2WOToOF13fxk=":{"valueMac":{"type":"Buffer","data":"4CzKVWJvs2puNj/GLgEl/Pg7yjYqyURDQ+vHHYAA29g="}},"jrlpkAhN2PH+orISuuahdLk5OREGcGgTFSq6K8JoJM4=":{"valueMac":{"type":"Buffer","data":"0Vh+45TigVR3G4x1K9fk353MXGy5pH+HTVVSNyukO84="}},"jrv/SFJ3z3G/vBAFjWhjhpFL0TgDtDo1IunCEQsM5BA=":{"valueMac":{"type":"Buffer","data":"nNbdDFnwXlanCrXWisCpSsCkDJs29ZjH82Ah0oHrwpA="}},"jyvp3IfTQd4zYlRebEjH4f2x2lqquc3cWUwnPFsI7v8=":{"valueMac":{"type":"Buffer","data":"c2irYaVUrkk5N4u1KfWKIykLZa/JUOcWQAVoGuOqsGk="}},"kiPEHItWD6gDdHLYXo6kL88nVNcycr/iW+G7/BrqSt0=":{"valueMac":{"type":"Buffer","data":"+r5eoV/PG4FzcIkwXwqvegcWpPO7+oz4w2ODFGJoOys="}},"kkutMGcB/xKsqJyCsWcRu3rjEms4kvE5jL5PUyIX60c=":{"valueMac":{"type":"Buffer","data":"HeOKGv+vG7ABZdQJKs1zI/d8pBJ1GnAheRUdDl5CTj8="}},"koaWP1h+nQbQgxsnKh/z2JqvmCVDAf2H64gBgcpNfYw=":{"valueMac":{"type":"Buffer","data":"2QyqQww5/Df6mzFOXKvMOeGvEzG6MyDDcSK1gJxuAWA="}},"lOzXXQ54ekymFct+qG/ByOKZQld97Rof3obHAFU/jHI=":{"valueMac":{"type":"Buffer","data":"8TC9E29M4PS8L6TOIAFLaeQeT+WYUaYZw+WQRL68oMQ="}},"leQi9aYG2oA5+Ak1rkpl4+1LTDJG6tqQcHfeQn6a6ek=":{"valueMac":{"type":"Buffer","data":"SRhcvhQseb1BkLW9qEIP05KLUlXzbmjeE1cgYO3sEvg="}},"ltrN4PQiZGy3Zgb1NTo2PH+S7LuomSBiVXASe75Fm80=":{"valueMac":{"type":"Buffer","data":"56lO1W6dAZlcn+/GWPKPV9P2QVQhbAr1lDAK7HDk9kc="}},"lxREhf8dT+jugB0295YCGX4IJTXKJLUf60seAv1ke4E=":{"valueMac":{"type":"Buffer","data":"XYdNxFSZ0oDT7fIWknCTRvzgkzN1IojUIREhvwM5mc0="}},"l88luj3ZyVa1X9I5GEWC36Xyoa/pTbfD42Qqlk6/+YI=":{"valueMac":{"type":"Buffer","data":"9gHzgvypVbmoBLfDDGmC4ml6lx8xcpqfag4DbvUeMJ8="}},"mj+K7IT22tvRIX09vYST5qtCHGgU8VLIUqxk8z1IbVE=":{"valueMac":{"type":"Buffer","data":"YoZsw7k/Z2wbZUX+JTlepoZf5CgHOqVJ+CQw7Ow/ldc="}},"mp3DFsbBKlTdOmW5ydXcOR24RLABZPzVzlFoTv7ZvlM=":{"valueMac":{"type":"Buffer","data":"f5f9yrubvRwS/vMJY70Lh3XhfWPGrrgfawVBZ9Q7oz0="}},"mtFWhriDHqR9wAgG2pTag8vl7K1Au1H9y0xwF8tqELc=":{"valueMac":{"type":"Buffer","data":"4z3ClkKFcjMlSQfdOy/yJu320l/xBI189y+FG1WNqD8="}},"mteXSg50QhzbK9TevAajnr2bhMvFt1A+kBLYV6NQ2x0=":{"valueMac":{"type":"Buffer","data":"YFYTkEtgDPUpG+pxIZhUQoNkJ12jlhyQGuCKIMkB7p8="}},"m5EG7/tjYpokAuoPKnEhurwPIbXc3yc+MjepfRb4MYw=":{"valueMac":{"type":"Buffer","data":"GlPMbavIJq+D2XWCI1mP5PBCK+fg2Fcq98XwWagJoIw="}},"nR5KOYsuWByhcI738vyS9zhUkfv7QC+T5bzf0HQ4XP8=":{"valueMac":{"type":"Buffer","data":"8ux0anWnwceePkrqae7P1dF8vY9MAfZFdrrx+MxLHBA="}},"oXXSlZY1OCqD4NZmwrfHCDsu4c5KiRLIWY1rHPh24Tg=":{"valueMac":{"type":"Buffer","data":"MPVa0Qv7BJkWG3w2xPGeu2hBUcIPmL0iOdpJMVbqR4s="}},"ocKQ1YYvDBhayweSQfNLd4573taRonu3LVg2ed/jJvk=":{"valueMac":{"type":"Buffer","data":"lqZLS0RMWzxdDd/R6SP/Y4Ifv3FmtOOPJkOV7pz8/TI="}},"o3Q5wqus7v+29USk5flsg7ImISNaEb7R7aoplZOrcyA=":{"valueMac":{"type":"Buffer","data":"TL9dY9DD0wWzpzXF1uTW7ksIy4M9LkUIRHWFmCq7AVk="}},"pHiplHU1duecbxZGL5atBk8SA/un2s7XNpNbmCC1PoU=":{"valueMac":{"type":"Buffer","data":"2FiL4Fyq5sOOxj029iYZ6kX0fk4/F9f7s91YVCf3uSY="}},"qF7SnitkWJN7pljK7d5M0m7ebVNe2TNiAkfszXTQpC8=":{"valueMac":{"type":"Buffer","data":"skvNoSnmsiNRWig8bwfCbQCAYbonKcc8K4Wi5fKsVXM="}},"qupa6zBe/TU2D1Fl4Y+hE/AWaauYc5OiUYbcGapKq14=":{"valueMac":{"type":"Buffer","data":"7JGgSxZFsok0DjdniCu6HtA/YCgMLg5v5BbD2jwyLjI="}},"rQDqFZOgj5GVRGm4zrHxPQW9nng0PbTrxSSuKmssMK8=":{"valueMac":{"type":"Buffer","data":"wQrRLaDMhkYX34hUOz5DO2btbIqAq8DK2pqhGbK6xa4="}},"rxqODKpw+CeyRdF51LfTnuuD1+dMZbDkuryu7wW9Zdw=":{"valueMac":{"type":"Buffer","data":"dqS/5B4y1nDokLcYdf3Yg+hPzZu8NTDdlGCRf4scAgg="}},"sJp45T+Opmq0D/WBfMxG78Tiy2WXUqypo1Z/YQdM8zg=":{"valueMac":{"type":"Buffer","data":"02dF/SQhd+IkcWoAQXeYh+fRQtMktfjCj0dVV1QHv9I="}},"sQyDtdXKDIt/8/7lO3L8gZTaCHQ0ZeaNiSzeEs8rne8=":{"valueMac":{"type":"Buffer","data":"7SSEuB+DgP64rNrnymUEPaFAHKyPD0qSyRvIuroXyo4="}},"sY+FV8aZBn7i1gFZRKiTxa8jCk41+e7Xcg+/Wj9X1aI=":{"valueMac":{"type":"Buffer","data":"qzbniNgwI54agw0vlwXG+ZPbdy4rm1FdDo2ofdA2ki8="}},"sbtxe17BAehvXri99wZP+GFn01xiA5kIJg2DoPiB8ZA=":{"valueMac":{"type":"Buffer","data":"sd9T7LA4Ri9uq9LDQbGaDKgpBCGS1dAujv79D8BTYYs="}},"s8yB4MfQibc4+cSXUtIb845FwPcR9+e37Ck8AqoTO+8=":{"valueMac":{"type":"Buffer","data":"3cCiOCihA4gVf5q9TwnycJEtakkJpEkNyqU+mme3l3k="}},"tLdyGZRcl0eiNsg8/Ogz6iVOc5fcRGsScNI/f8RfBys=":{"valueMac":{"type":"Buffer","data":"al1fM/FlzXBwE1bJRzzMxIRiynPVb/1M9+9YSsmytm8="}},"tYGzBZhGKksoYNmDCqoRXm18tdiZsDVeB/OWLZZoYsk=":{"valueMac":{"type":"Buffer","data":"NikFv3BbVMUGCGaBvdpOofLMgQVAdYYdNepLgEskRow="}},"to1gBLD9KrUXhCOo18Hl/u3Isg2CCSL0DEfWxv9r+c0=":{"valueMac":{"type":"Buffer","data":"qjGcBgmuKsePS6USBdTe48Z2lQRzJzISaAQg7VIG3jc="}},"ty4HUQy7fSaXPJaithqCx52GW8FZl/vEZTnE1/GlGW4=":{"valueMac":{"type":"Buffer","data":"QWSZDeJjvDJvqb3b0km3GucV/oOF0+8BPY9GAfxp1eE="}},"uzSiw0KwAVWHZ4/wd7UyaSLUvKjzidZKC+MqcyWcRO0=":{"valueMac":{"type":"Buffer","data":"3ap5LEAI/hNT5qj7rLFogwBUwnwocL48yKQiayzhTr8="}},"u98i3KPBkyzwZei/HQ174u+KWv/1tm9BEM75Pkx5TCU=":{"valueMac":{"type":"Buffer","data":"bTT5ZXVg9tvcVzgRX9ibWMJHaxdcWmjcIOPIWsS/LLg="}},"wDf4oY5ZWf+hQFKwT8U068oy6+RE1C6KdVp8TNVZjeQ=":{"valueMac":{"type":"Buffer","data":"y/7cLpwXwceUksmkO5aY571iFk9MyrLjyPa2SQyrp0c="}},"wpR6FCHiudNwZc+paA5UCmMc4pGw+44sYY35pB9wtDU=":{"valueMac":{"type":"Buffer","data":"BlY0Z7eKDYdqfSyB4SAso2Koi8WIuNx9NTjf4VrUWMs="}},"w8uu+Jn2JIE+1c70Hcnw+VPV0nkVNpZUMwNDnUkDXwM=":{"valueMac":{"type":"Buffer","data":"qo9N0m2p2RclW7MfsRjLCvFFCRrMlY68gxXHg09eU+k="}},"xy7huDn8RtaG6OI2NwTXOpo8IM16rYaggvRYLd3IG4s=":{"valueMac":{"type":"Buffer","data":"Iq4H3ieHN3wVhoLzFhrqy0Uuol15/Kwm+0h/AiHXc8o="}},"x7ObW5EcpjDa417o4DoNErU1psSgPRToY7zXUTNMQ/M=":{"valueMac":{"type":"Buffer","data":"LKvMDsaw5YDkc9JY7ZuwFAmWhTliF36w11ZFz/Z2q50="}},"x7tfOhC+W5XBB+tAmgZC7yPDgVJNd5JfDr5tfv6+q0s=":{"valueMac":{"type":"Buffer","data":"JwYF6tIJXJDJC9sp4fqRl2IM9oNm1al28/t+ymTxG1o="}},"yLIY6cf2FJoHeMgwSOis/ngeFAwSt3KbpMisH+E/+Q8=":{"valueMac":{"type":"Buffer","data":"ZqJbj1/CO5HxP0eiruBMey8s0/W8baBTSDRIukzovlg="}},"yQAigEP6DPbhxMBh5KCQUnUNbK1EOhOY8vQXuUe3lTM=":{"valueMac":{"type":"Buffer","data":"ssSv/NxRaYUaVoPeD2n4NINUNHjv7dLo27EjwQHQBsY="}},"yT/08aatNNQHKs5fCc8HTJzd0Ydg/E26SMsfF/pIBWA=":{"valueMac":{"type":"Buffer","data":"Q+RhcnbpW3EFOrV6Y05Lqx2GoD4vb8Y3oU9UBER9Esk="}},"yurblEij2qySIp0xSk+n00pJZu1SmZFHD40ckFXs+go=":{"valueMac":{"type":"Buffer","data":"JIgTb6n4wV/7a6JmKv+MJ2c0grL4fBEfAvnAiekRIgI="}},"zzxVfa+oYRZpUttKak9ULD3wB0FUJB4lgQf/8R0v3iM=":{"valueMac":{"type":"Buffer","data":"OWAluK0/b0W6Jpxwtm5NLdq/EyGO5thBe7+PxKMP0Vo="}},"0VRC4grgvmbJXsHPIcY/1zXCpWiDCdXmO1kH8UZVVMc=":{"valueMac":{"type":"Buffer","data":"Ja7xrmv1KBLU1insLoJ+xL9kT+NvZV0hMnUA6jzNwvA="}},"0V+ADD4m0MN7Hfm2taLWo8P5yYwFJFaqU4OpXpmUZkc=":{"valueMac":{"type":"Buffer","data":"wQiIy2SQzItdFH1VFPiKTX7sHMHvNYX6ENz0zHx53RM="}},"0kPsIJdrl16GcIKatayxpaQHgrdoZO+MunSIvnaAwZk=":{"valueMac":{"type":"Buffer","data":"2/PxGiIXOD6n8iZCvFG6qeXmtJIc7QREIpcIlRXEZEc="}},"0yiB73kp8X2ROomlrpEga/iS8Xm4WxPQPpYT3etoSFU=":{"valueMac":{"type":"Buffer","data":"hvaP/FTNiZVQiSycQHMLlsDhff12khRFHss/vRyIkpI="}},"1B31D//XXRTYbD625vlbRtnDswl6EHZGTUHFqerWE4w=":{"valueMac":{"type":"Buffer","data":"NlKLYTw73kG8ioy+cR47Fb6u78t+y55a/gOFeW8+tpQ="}},"1/jVT6R9FoSF6DVWysDX95YZiclZP+KPBXgoaT3VVU8=":{"valueMac":{"type":"Buffer","data":"Kmxqg0H3effToKVc8vc99sW1nO7mi7ggOnL491XAerQ="}},"2TLb+hykgVZXiQ0pMZ3He2y9yvffCqLKv+Hz23vh5fE=":{"valueMac":{"type":"Buffer","data":"eG32dyWtpVpVn4A+d8xRtuK/DemqXX8cqE7BrEtDQdM="}},"3IyAI3BNKouEmc0Tj9AjVHaQhnkkxJlaMeuRVHmYqcw=":{"valueMac":{"type":"Buffer","data":"jKEQuidmJXXbRfOSxospfBb8F8pwzgZjzSoWwljmJrc="}},"3Y0lxN9kFuletDCrRcuoMu9uvFd3a6/MbYWmvFsheWU=":{"valueMac":{"type":"Buffer","data":"oYi8wAMqG/n6PWe+ZWz1KhnNegyVnbQxVotJzckz0FY="}},"4A+4+HvVZzqpirEYNeAJIlJ+89snvQP1/FrSUAQIpm0=":{"valueMac":{"type":"Buffer","data":"opr6z5wK2PP82Ij/DOV7LRQFM2X5DCswB6dtkgiAmf8="}},"4H3beBE+f4QEm37BB4JsTpktV0MbL98rhfHjKJ3j0cg=":{"valueMac":{"type":"Buffer","data":"39ZI+7ea2AWlMAg4beAJ4R/iNQh2f8PVZ92epy+Wr6Q="}},"4i9S6zKfp9gLJuutyWzKStLSW0+eaepc+vXZh1aHnF4=":{"valueMac":{"type":"Buffer","data":"IghfchuFxg0d/gBKvTPN7y9aXEEE78Qpo3z5i0Q+fAo="}},"4/rt8gUDpkTiG1TqhoOLWzkJCsAqiOoaul43mJjngpA=":{"valueMac":{"type":"Buffer","data":"iCAj2nPAI597l/KVoN6OI7H21WuUhZKw6/IZ4jtlYac="}},"5F/kHM1SCQVflt9me45og0AAByjU/xLMrqx0DkP+1Ic=":{"valueMac":{"type":"Buffer","data":"LoudWfIdJfdUvxEy3Dn10F4C1HrxaMP2sWRZvTcuJMI="}},"5qIiZ1Wjr0FihaURbbFQy5lqYTm7dBCnjQWvqwEr06E=":{"valueMac":{"type":"Buffer","data":"0wr1VisXQ/wk1+jCmSY7wAtdfLLyTeW3w3ruI94jiic="}},"6pn7IT+MC9y+V/32Dx/ELbnVVibu7sUk8Vewl5NPzEA=":{"valueMac":{"type":"Buffer","data":"F0pvy/l53EtvXLrjL+I4A4nHvh6kzNlXiB09zQ/c5zY="}},"6yTDHE+XhpCOxhMYva+Q+Da0I6HwqGXxnhNo9adlkhE=":{"valueMac":{"type":"Buffer","data":"YpLkM0thAvF/NuM1PkXgrA6snexi1524KNnh1t2Mapo="}},"6/7b4OZaHrCAUbZgh+s9AZeFs3DgCT/lDvxXO6wiTMA=":{"valueMac":{"type":"Buffer","data":"n8rx5PkG/M9/Csdh85gRmpD0tvK/+LNWREy2ds8p61A="}},"7EJHEOdZz2Rtgm/xEmXvdreEXvMxkvyr3G4l1nzvpok=":{"valueMac":{"type":"Buffer","data":"2MsilB2+8QlKO7+8hw9xY4KczEqecKxIKHq0UxqMMMA="}},"7S2H37A6EJUbVGJi91OPF0uj7LNJsjWKDU903JuMvuk=":{"valueMac":{"type":"Buffer","data":"hq/4Vk3igSaDjNDcVhNfgkOtdLJHrBsjevyjB4gUGp0="}},"7q9AeetdncqJolkwvRCkr2Kr4k7WnfSRS/F3i6M4Dm8=":{"valueMac":{"type":"Buffer","data":"Aw//RXgLTP9sh9HHi/Q4Zr0db5DEUxKswS3Jux/GcSM="}},"8McJKq2sltKhQ8SuHvxCSTP0FVVNsXNCT8HjfzK9xXE=":{"valueMac":{"type":"Buffer","data":"lXv0bQ2bzK8rYqJtsUoL4kuF5nr4rPWQGwBYhCeYawY="}},"8fpgWhZ7PsprCalrt5Vea23mD/9Uznh6wwzqtD85fvo=":{"valueMac":{"type":"Buffer","data":"F3E2nUQdEBbdphc1dLicqxrDqXYeELRyGXBiQ4C3Ch4="}},"8my8fm34d7ncGbbutyXZzp68ovGZ0I/ewCRtpuHFk30=":{"valueMac":{"type":"Buffer","data":"4k5cebNeffJ/u4GPhhkwzCWvw+DmcCAmoCQrOQpeqJU="}},"8z9bxdF8pkeanq0tB3Zj77S7DhqLShU1ClSVpEoMHH4=":{"valueMac":{"type":"Buffer","data":"Sw5qrq/0RpAdzZlznk4/X4ztbtTN8od5Opkm1F0wQ38="}},"9CEcnRWdzIidNw9qxnyAID7pIXQ6TO26wbRILzgMUp8=":{"valueMac":{"type":"Buffer","data":"lVnWFc8n1+T0aC7A0sM+SQUNZiOP75qCu6T4ODrbC9E="}},"9Vd4c6s2tIIrH2P+SPh11cGeFZ93MFaRAcjXldlLlKE=":{"valueMac":{"type":"Buffer","data":"8AecsSBQECxiOH9G4/COURVZunAyT7+OtbJ0FbAP9jU="}},"+fm3v+yrASnie8wRcJwTJ2/LrO6yhrfETN2GjgnSUeA=":{"valueMac":{"type":"Buffer","data":"vig0yj0uJWH6PiDzGrQElyk/3ggVHqTLnLC6GAO8BHM="}},"+kOJr4Cni2eFzosvkF9VPRmNRmUeRHEMBwoqioCdpBc=":{"valueMac":{"type":"Buffer","data":"j3N49c4xYgckt/chjPtW61zrhuuZ23AlO40dtbhDC4k="}},"/o13jsGARopNPTnglK8ai0Zi+vxIdHdy3myG4SD8tYE=":{"valueMac":{"type":"Buffer","data":"byoHlM9wDjZF8W5TK/nD3nAv6lFAmpPj4FqtjmWhwJY="}},"/v/zoUpGLOGGu9EonpFXLbVGV/XFuhO9DVYx6TyXNeY=":{"valueMac":{"type":"Buffer","data":"2tlrFszSYTItAuW6SX+KQgHQJoq8Efkk0VtW+WBjVUE="}},"/+ns8rm53OzgJYfehh6DeGP33hXYKpCPIewwf5X0Vac=":{"valueMac":{"type":"Buffer","data":"SLcaXSLjRNw96rSBukE8cCR08WxisiaPNLZaNbgSUQw="}},"P8Idsg3re4srjtBHqLOSioNUadCUn/ZPxcxlYuuW0JM=":{"valueMac":{"type":"Buffer","data":"ACiRyGggX0dG78Y3zGlcjZq4U40XkcOhObxE1RUh+fM="}},"fNrinFqNgxicb8OWwgRK0R79SvV1YgaDZ3/VXwkXKVU=":{"valueMac":{"type":"Buffer","data":"j1MjwoxdHbqJWQmfL7Xrwnq+iVIoIPMGat+GN2m4xyc="}},"4jzgVfPC/fv2AVnXcwUxH21DXSi/iE0Xn59Q5RFYP94=":{"valueMac":{"type":"Buffer","data":"FSBrnBkKd2ZuT3v4ifJc9C5/2ZyDP0DLYeJ+k/vo4pg="}},"EznpZ7z1zssi0flGORSnmXq8FSxVP/JgydGN2VQmAbU=":{"valueMac":{"type":"Buffer","data":"yJozt3/ZiX+ova1UlNZo3g9j4K1SHOxm62T9NFree70="}},"cYX2ha1ScoeajMPRX4b7HJZUwsxtGYrjgDjXy1f9C08=":{"valueMac":{"type":"Buffer","data":"B5W7FaYAPZZx4YjLBU7djx7Y1ajA4vJqSNVnsU5xvA0="}},"BEfs6tsUFYWDSu/DLg6HMCWRf1IofZxUnFYbic+dC6g=":{"valueMac":{"type":"Buffer","data":"bRzGOX85fByfsHGWgK8kyFrRXn4PWklWej48j0WHEmA="}},"KUJUs2Oh8YimvIMQMpYKFSxqn04KC7ocSz78n0qVfyk=":{"valueMac":{"type":"Buffer","data":"lX6xidy/ax55DYvbCQ8pvFKXgD88vOrdURYgyorYozM="}},"MtFWJif+aW2pokfHq+D0dsviSFfHCQKKqGAOyg3Hkmo=":{"valueMac":{"type":"Buffer","data":"kGdVpx7BDqruoBwm4Y5Dsw+rk8/MvJiJPQSohqpCN68="}},"luaYlq2Z5ZZao8JS4nRk4dVLzomgpnwHQ/1KwSZR+f0=":{"valueMac":{"type":"Buffer","data":"yqW0z9KLSoUHaeWNwhiAEaIyskP6yOU0lXyPcDKeX5o="}},"Iy+DS/fHepe8lAoifyLeYA27uSoBblBIbuzW1PhGLJw=":{"valueMac":{"type":"Buffer","data":"5vo1ndlmR6pMwlOIXfMtPF9SFx9SEnn8TGaGgFAANJA="}},"sD5lXBRzKVGhm1gCVJVeQMPUIrqK4Yt9cjCTQoOOQHY=":{"valueMac":{"type":"Buffer","data":"G08QZqQxTllNry7KTArtbmpNEyM8U5sf5ddwVQO7n2M="}},"/ORwfF5OHpx5B05hMLOfD0Y2l3YQOBd3KxvUjavEwjw=":{"valueMac":{"type":"Buffer","data":"YN6UGSbeC/koJgrQQuJkzRzKz+2nszlY1ocEqg/5/uA="}},"o3aAAwLdcA/bMeDlYhLVRFP8o4fSA3L8O26WE6YtSa0=":{"valueMac":{"type":"Buffer","data":"lJ4mJcTNYK+RhhAi9yf+5nbKdNk/b+pqV1W/2peylvY="}},"DGfO6P0NoOmZPOxytLUZq1YB4/XmzuKHqkxIo/7kGY8=":{"valueMac":{"type":"Buffer","data":"v6V6vpUGEq7bwp+QajkUum2UqJmsH0ghAcXV0nyYSyE="}},"IGEmulnvscoW81fbMucAcckoP2rXn87nzMn7US+BDYI=":{"valueMac":{"type":"Buffer","data":"wHD+CSaxivMM5nVlPtDe9LGW1EriIJBQ5l3nvYdvL/8="}},"R6vVULLRKRYfBOaj/rGDvxT2s2qIRkC1JrvIyDeqXXk=":{"valueMac":{"type":"Buffer","data":"4WzGkKcZ4CxAyazkpeNee9NNkXRfb41L8ATShBd6Ijs="}},"KBV2fEqTn06cB0nP/scFZiZsAvzixJ8NFYvRh2F84/4=":{"valueMac":{"type":"Buffer","data":"MZ2nZenjb4b3dGSNFnbDBDbgdpqsWdF/hM11hJRnjQU="}}}}