{"version":2632,"hash":{"type":"Buffer","data":"IujIKJbNsniKmmqN/BPiIj0oM0LhATH0ajkZ9kG4V9bcXIeJ4dFUtd9cESpClHqyszy42WVZjhVXEpCBY62FDwpsaqcHPGJ8mgpZAlwR/khhLq/6FdbQO0+wDKkFEURtqnqPBqbiletjArmqX3TsWNSPIYsaANxa98gwjqgGL84="},"indexValueMap":{"AFSSFSEvv7GDeHjfn0TLwQtkM3f6fOWMcbvBWNCxKuI=":{"valueMac":{"type":"Buffer","data":"eYyddCquhCoIEcOrADxelqEymfsz5yv2GlDEZR288NE="}},"AIdhQTiyKz8XwWOqILsxqZ/welwJH4+iuI4AAgYoK+Y=":{"valueMac":{"type":"Buffer","data":"5C8MUbi321R/a0yzp47lXOcWWdDhOT2OrFtMnof4yU0="}},"AN3/BEBCO9hSzR9mhuxinbT1CgjMxR2NeBtXeXurvDo=":{"valueMac":{"type":"Buffer","data":"PE7Pm6Z43ie+dbJIJFnk90JA8XX2wkYiajvQ110DSlU="}},"AYQsRn+xInth6VOvZiQmFnt2y6nZc7SqqwjLrANfg48=":{"valueMac":{"type":"Buffer","data":"zY3rWZdof7jcmbeN1Xiq3f2I+QvzuqP2NlNqd82uzlo="}},"Ab/2q6Tv4kE76T/WRc+mO0J2iXhmRFYC/WSAiNBswOg=":{"valueMac":{"type":"Buffer","data":"x4ty5D3+DOLuyFUR5yzh54iwIS5jmFBdPMk12egTNs0="}},"AklPIwTxpALEzLmVp6Xk02ybSOtccBRgwP28ouiwiVg=":{"valueMac":{"type":"Buffer","data":"Vfxkj1j6JlVGmFRR8wiB2nWnzF1QrctEaXXaWdl2wKI="}},"AsYuJ8GDDvt89f8BFE7kuCXfTxca3PRaN1FsKmkOHo8=":{"valueMac":{"type":"Buffer","data":"z/fXhg+h8aZe2UGfJVsG3ppTl9jOJj7CR99qL1NGhow="}},"AvNsLPIs6hAJsjsSPETO0ypYpf8sw3tQTOvAcDvQSJM=":{"valueMac":{"type":"Buffer","data":"uXfkbMvME/dGZovhjikDnOmQZvQ7+s4+PGwaSvdiEiU="}},"Ax5Owr9eoshi9kJb+rWtHNCBiFJR+ZwrVVTMg8Yvzas=":{"valueMac":{"type":"Buffer","data":"cZ6O5myMMLQEgJLm2C0td4AMYi2Y2TGu5SQ7sGecyBM="}},"BGbLYhxLpJaxg22SmQGIU0fg4AVwHvTc1zyExunNpSg=":{"valueMac":{"type":"Buffer","data":"1foVD4kCrQBhc2f7ZNEfzF2ie0EiQprMCbwNQWKgHGY="}},"BIKNNK/sTIaT+sFEWfkbQUhJh8ti0umy3tStiR7tY2U=":{"valueMac":{"type":"Buffer","data":"pX3Fk2r8fgIztld+1MykzSAJfqfZprGv8mG6UmDvX3E="}},"BJpQJ6S9It4kHa3svGZkHJFeqvUuZq3lxP51suoQ9wQ=":{"valueMac":{"type":"Buffer","data":"kJuTv91PAP05+7xlQIY6BbE3eVmk4hTyyb0V45cTwe4="}},"BOtIr59UQhPbCzxgwhle8OdtHaPzWN5bdr/hK5pGXEE=":{"valueMac":{"type":"Buffer","data":"vg6cvFmlpvL55VdCxqNPBJojpK4/JM0b6mIlLooxzsg="}},"BTvXtAJI1BYgZuSQKZutjVDDqjvnPSYLtjgpprXD/XA=":{"valueMac":{"type":"Buffer","data":"jlwEBYFrDDsUVYmsAwlK8jYfWZnuFlHboCp1ffrZfKw="}},"Bl5lMFkHKNdB+FZ1wT7Ahv2gsZTZiZ6QYKXXO1lnqX4=":{"valueMac":{"type":"Buffer","data":"nH/cH+DEH1SBWA2SDdrVokLyEc60LrKA+5X/nQI2opg="}},"BqxoS+/tOseSa3RWTEf9bwGzyaTuweSmplSELONilRc=":{"valueMac":{"type":"Buffer","data":"WqvYAiPrnDa9UytKOhtTxlQUdCS3xfqXtn7A82JLYFc="}},"Bu5+5Cxg3XNTrSlHVCxGQdHWWuI00WubskSavBC3hNI=":{"valueMac":{"type":"Buffer","data":"ZeO5rULIfl/RhRlDY8iSE7Ffpldj3RgMDebSVo83taE="}},"BxGmyLQdW1YsGyzmLGUteyp+0nlGgTt21FoMyi+CLeA=":{"valueMac":{"type":"Buffer","data":"Ws22PCzbtxH0ue4eAsrweqoJlwyoLNkMj2cvoo9lDfE="}},"CAzkMuWpGv9ibeOEk9qAADIj+c5BxU77JWGpIXVfNxI=":{"valueMac":{"type":"Buffer","data":"irO3aX/23HcojOnDs6SQj6bSkW2d/r1FN/w8Qu0muEg="}},"CCciUR13I5tAxrr+3Zte80eyCVCDKkywYQOXoIaJpjw=":{"valueMac":{"type":"Buffer","data":"0B25y0tZXrrWcZBOPu7n0CAbRC73e0ESzL5hd6FYfvs="}},"CHNRgM8vHnjeW5KoPLJFvBHOAVKSgQG0COa5sh3BstM=":{"valueMac":{"type":"Buffer","data":"F1QefqoXsYUTxUTFSsxgFHBxGaWBLwbHlqLqXB57mBs="}},"CIBqv1fHtJ29Da/SiDozUGw8gK4DaQ4NnwPb9NVbdB8=":{"valueMac":{"type":"Buffer","data":"6Qi1JXKKaMV6WrfrQK7+kd3awboUaxyniM640wOvero="}},"CME8I3uxImRa1x8jIylh7Xe9ubZZOYAvwu9c0XCg440=":{"valueMac":{"type":"Buffer","data":"ZEwOwLXkk141OaqJVtV5S3UzTbAXiKh4vQqpY9yF6Fo="}},"CapmNVEeDw8UfHPJnePz2pfDXKNjBwYNFm9J2xkSsp4=":{"valueMac":{"type":"Buffer","data":"vfcvJY5QPMYcuya+kwVZLdJglVc0RWY5cnS0Gg+9EYg="}},"CgqLPrAd8+0u12h3PG31hAxLexCKUUTuGDzAOB5KDbQ=":{"valueMac":{"type":"Buffer","data":"cFDd4aPiydDAXTG7x3Lb2oOsQiFVTomQhxD015Ze8Es="}},"CjqRk8iv8hLe51a03padvOCEEcKpsobeEFhkmdjm+2g=":{"valueMac":{"type":"Buffer","data":"5tmObnW5J0fjfm7CzumqSTBBaTWvfEkO8a1PWfpIrME="}},"CrB89xCfLvGjlGjvpecf6d0H+Ev7o/0mi5NDakNV6is=":{"valueMac":{"type":"Buffer","data":"19i06MLyNo2zY1hYUmoO2Bv5jsXyd2xMIJQ4GMH5iIs="}},"C4gP9b9irC5gni39NMKnfyvrkuWNbPGxw7v/cbYJgGI=":{"valueMac":{"type":"Buffer","data":"2Oyo+q4AijYP4Oxr/MI28d62HLTbClfFae//4mG9M1Q="}},"C4vrlxNXdFs6r0ifvWULhNPLpwyolm8ERvTO0HlZoq8=":{"valueMac":{"type":"Buffer","data":"N7vSWhBBITPNIYIO64PQt6ljqAwj2c2XUJPdPKmjksA="}},"DKxmYVlOZb9DDK42mdA5LinwjsTuUY3YLnRLM7CD1eI=":{"valueMac":{"type":"Buffer","data":"nKrw4pjXPl/gU7B4kwkDSHhIESg4BqCVLcWjNZ2FBhs="}},"DPCAM6KBqpTkHsu4gyBuxU0ceQqjqPlScU0YZi5h2M4=":{"valueMac":{"type":"Buffer","data":"xx7HRfWgS5BCoH0BiXv776JwDIKHI0loM7CYOy5bZQA="}},"DUZbcVpW9GzAYUl7NKS4DxDu80Yihn50vne7/r9OA8s=":{"valueMac":{"type":"Buffer","data":"LFXUouDdEOC8fRAYKbxjxFdmbYnKlGjAfBSLea4TOKE="}},"DaLkK5oMCHw0rFZx3BxQmVI+H5GNxbAPGksPIlljwJU=":{"valueMac":{"type":"Buffer","data":"B1Q/eP31cL6Lj3WzMlA5oi5HfeAmtb9wraJbriFejnQ="}},"DfDvhFXLYlgQ1MIXkAQEyX8Tx14QGDFKyWBIEG6RE6c=":{"valueMac":{"type":"Buffer","data":"xgb5jebhMhI0o3AzeyfhFUGHaz/fVQPNpGIMXyWtCkY="}},"DhCb1LoCrakV48WavVlFFDl1lzBF0hM5lz4vPHLa4MA=":{"valueMac":{"type":"Buffer","data":"xePw5UAaAQsP6PCvyIReU0avFtZq85VUDutF9jqwEDs="}},"Dno1Bt8flv94Huj5uXuQe6NzPNYb6qSjHjf4RwC4e28=":{"valueMac":{"type":"Buffer","data":"XcIv0wEYHv3Hg9jgtm+waUHhEGOF1Tt/+8IpolA4O6o="}},"Dn7kSgU5BrInuvw7dOUewWpFdGdv/8Zrvq1bxkCuSNM=":{"valueMac":{"type":"Buffer","data":"CQU5tx4tBQny71gUqhIF9ZF2KkL4QcFCGTHlBaAmFS0="}},"DpgOcIu/fHkcXyohyJXumLXD2QeZzw70VNHXyg1gm14=":{"valueMac":{"type":"Buffer","data":"p+cku7u6sds5RtGs5JByBEZmAUbdxLv0BzaVm7Ckloc="}},"DvsD/6yPE7OtEmfigjxSxEI6AYvTWm4zgmNEOuD+jxE=":{"valueMac":{"type":"Buffer","data":"FhUOhqDOwkQeEnUu4ccSAGLbDeVV/6HRhFabv14yon8="}},"D0Y3oNol+8+WmRS3lPI7JY7qAFyXmtPI4gymnY4c2Fs=":{"valueMac":{"type":"Buffer","data":"3xsesrq9E1w8jUDLTqM+Aivx+TcrXp4PPTBxetekbz0="}},"D5awvN9VOPcw3gGq8rkKbdevkpnKXvcv9/oxS5SCxLA=":{"valueMac":{"type":"Buffer","data":"VkzXC2WWcDgCX0LtAAd0cRidRNWyQX4WNMwuLU0YvDs="}},"ECGqg4IGi0LGqV2fOh2qJI4CWXmOurOb1kewyaM0aHQ=":{"valueMac":{"type":"Buffer","data":"5K+qsC7toXMkGgTz5KKSTQKjZZ4UAn2lsBD8GNbdtcI="}},"EKYkzMfWamWHk+Iz1t/sdwzZ5cgyxC6xNOfIasP0MBc=":{"valueMac":{"type":"Buffer","data":"wZ/v+CkNfBTZ62+LTfU9tuMit9rmse9Y4bokurL2DFs="}},"EL77d0binvNJxP6jTEsELhluSQTjaRdoepkzlsLD0l4=":{"valueMac":{"type":"Buffer","data":"CAeDHf5aYDctb75UzFdQGV2jek5E6h3xjvy0ivEXgdk="}},"EMFXlShyR/56dfkpaIxy2yUMqDElopQyqUpFvmEW8Lg=":{"valueMac":{"type":"Buffer","data":"zixMj7gTP5ZBZP1MGVTZyWbY/AgADZqfCqlRc0Rp0RE="}},"EQHLz9CweBR51FhTq/17FeDEEesSCEeSQS1LYXnI87E=":{"valueMac":{"type":"Buffer","data":"HPwhtMEAu+f2T50OuJmxu/fl5I7LTWhBRRVKVdvjqWo="}},"EVoO/zjUUl+L+eKfMwCS7SKZD7r03huefq8pz3a0ZXs=":{"valueMac":{"type":"Buffer","data":"tGUjrn8DQBNd2eSxR2DSdCgRTsNIbC+nqRzRdZrr7Gg="}},"EYNQ0NZK70LhtYiLC0a4WYfwuDg7RBOkD8HRnI9gT3E=":{"valueMac":{"type":"Buffer","data":"d3u2HV31wi71hs+LRsfGksIS1mHpmym4JZXEA9vpJsQ="}},"Eh2Q4yQhzNw/OWuaCubVLyxvKLixKTVrG3YJUrD0/eg=":{"valueMac":{"type":"Buffer","data":"PkPpp51yW7VZQZSHE80qKOOZGpOcOzw6an2lW935piQ="}},"EjDX3L59fzvXiWz23nosSxQrfRQydIgLls4T3iz67Zk=":{"valueMac":{"type":"Buffer","data":"6w03IE7V6Bz4SKtIwpIru/23u4Wr9wY8Q4kG9OOuq9o="}},"EmULaIRoEzFq+cUTQC9Aqt4q2ER1stKquE24c/7yfUo=":{"valueMac":{"type":"Buffer","data":"E4YN+gxLEXKSEybCbc6S3khCw3xqFwVg2s6+UgLCSTA="}},"E4vB2LQM1MnbN5vIMZDKIiiU8j7cH+lHAImvq/MszNM=":{"valueMac":{"type":"Buffer","data":"T1nXrwSFoIQ9inVBbTYdMNdB2HLqZ2ppsBXB2tRDY8M="}},"FEiKBzJpg33AC/TKPCgzT6XT1j4/90OZaZMLf4DNrI0=":{"valueMac":{"type":"Buffer","data":"7iswVF+7rF91LlgUSylN2qvd7HQmS9pOyDDq+zVECws="}},"FKtvO5W3eJPQwrXdD0LQjBQ00Ux/Hrp+G5EjJ6EXrug=":{"valueMac":{"type":"Buffer","data":"xpYhETO75C1RMXsutaTGMQYf3ZQdCxKWsCxJ3nsuv4U="}},"FR4qhsU94LuWl8SyxGmLmujt2DouwAsboKsxvpIQj0w=":{"valueMac":{"type":"Buffer","data":"gvmIHwtg2nSYZuC0mm9Xu8mrzDXm4EeOYejNfUFDQko="}},"FXlmIp4JiCcVfGzwE4liVcmOWf7l9I3MdDfnmkl8dzk=":{"valueMac":{"type":"Buffer","data":"1HTbXoupvLeyGXyxsCtMdEzxgAzP9DwXdAhWHWDpDuI="}},"FbO31stay7MJzj4t9wTqUX3y9/CMRFSCTjD8qioFY+k=":{"valueMac":{"type":"Buffer","data":"diV1p9O4EMLG3Cl5bByK1FzajfIeIt9qYly/t6APQkI="}},"Fd7prnFfyzAeP6siY/GV0aFVQm5CdwlN7GF8fD1gYxo=":{"valueMac":{"type":"Buffer","data":"/C9euWw0sEJUdHvbk8uz9uKZ9dpb+t15U7qLBM3uH/0="}},"FqKZDlUeVJGCT7I8/3m2RrK4XzK7/oI7fMjRRSFUAtg=":{"valueMac":{"type":"Buffer","data":"w6c6ubb5gOrMyTrl+HIrPhpsZ9hOdKShIbp8AfIPxZE="}},"FzwARc0Y985cNkpoMTqF9EKT6wUNtV7ZUznnoNrmj9Y=":{"valueMac":{"type":"Buffer","data":"OKK7+x6me5alFpoXns9To2jQ33gLkFaSdozgthobcPE="}},"F16nkHZA+RDjPEviSk34nsaVBxOQviX2ce3iwDlL6wA=":{"valueMac":{"type":"Buffer","data":"vrI55sRcM42irFl7ba4LvWxlZq64JUhsdBhPB9AapNo="}},"F8CTUA1RuCNVHv2fFQRjPb/rmdAShp00pzsG5HToOHI=":{"valueMac":{"type":"Buffer","data":"V83xejqQLQvlDsli8zqAfeAUVD2+fBhjclQtunsIwCQ="}},"GNPWqS9+VJjW+5ZGNrAuA6QLmKsP/y82K+4tOU4KNuw=":{"valueMac":{"type":"Buffer","data":"LnD8k8ppHUIOSWMGCqL775g8SlQ2b6Gj8eDFIf/eA3g="}},"GVv2cr9OqeqEZD1VHMvlLem1ZTpXjhxZH6JecXHg6QU=":{"valueMac":{"type":"Buffer","data":"XeLsmEOReU7F5/jkyzqCcNHjAZn5XivA30WHazXvx7E="}},"GYOrTUotTHVDSmuJ9qsFdGWoSai1L1I0yTJkPLcJ5DQ=":{"valueMac":{"type":"Buffer","data":"kDeDsK2uhoIh5+Uyf55/HUwldZuXf1JmxZ2tt2Ia2JU="}},"GsTsYU7Eihz1mYQ0RQQ4cuizZqxepPm5giG4CZTHrzk=":{"valueMac":{"type":"Buffer","data":"DhQpJ7AMychoPmL8l7BWXlny7MUvdDXUusF9o+LZrQg="}},"GyjP6ld+LEJJvezcfALv+WIqfnefgsgJ5NSX7aSzV+U=":{"valueMac":{"type":"Buffer","data":"2yTgFLMxUd+8ZYMi1RaXtKWKh8x8Tj+MSZjJS7RSsrE="}},"Gyy7RormDG1EEvQ53zofQehT2VLqRsdwL4aY4lyG394=":{"valueMac":{"type":"Buffer","data":"LMG3JV2F8nh19mQ4wwbaDjzpiZTFPqAKQ0B3WxWTLRI="}},"G01V+AIMlFZ6p7ttzME5TwW1U7hncUzBvx30/ld6akk=":{"valueMac":{"type":"Buffer","data":"chnrYksgZmfiVZDGIXA/ugOKybJ6jZ4EwPu5JZziMS4="}},"G1MjUPQ7YstBzdBXGnyMBLkGGAUD62bpFj5Fd1mNwmo=":{"valueMac":{"type":"Buffer","data":"7Nc+T7U5QyJl62+FWgAlnSBpWr87u5ZnuJ2qENh0Zzg="}},"HHrl5GTjTvkZlQzCPwsBST/InkuxKqdBZc5D8vfIPCg=":{"valueMac":{"type":"Buffer","data":"CBlCLkc6gscik6oQcZkxPlRIz3d08q0uFSwFZD5yb+Y="}},"Hch414QgfYclEOBqRj93hiiRu1yRjGr/2f78Jt6NELQ=":{"valueMac":{"type":"Buffer","data":"gzjwJHDpKY6pnW5n9+5joYgUx3J7WPeT6ld3IKo+bII="}},"Hc/KA2UR/+adYuirkOKSPNHoa63mOrYpcjZsNVBULvM=":{"valueMac":{"type":"Buffer","data":"gW9M3SkqbAXPa/3vGi2aP98Rs09gN7MoMFMCNePeT/M="}},"HjU95XsjtKtWd1wbfpmYV9gSiN/2hzXKLMTO39YTVl4=":{"valueMac":{"type":"Buffer","data":"Km6Sk6toCh0nbjfLw2C1JzOYdw4j7lZn97TfEt3ssSA="}},"H5RAz5CpN2S2lotyrjq6I3iwLseA5t6gJcIz7uM7/Rs=":{"valueMac":{"type":"Buffer","data":"dofZPN0f6rBS2owmEDLIo1WyonOHlYDzY8u5NYb87S0="}},"H96tMibSGuTXobkB90saKXgashCM3CP3g1SRH4HUtVY=":{"valueMac":{"type":"Buffer","data":"1cPlucvEY4IGVBPc+Nb3G1JTFzvuB46qm6+wsg4DVZY="}},"H/86aBhncTg2UNXHImt/Y5vCYNhppgLD4yDegiK7YZE=":{"valueMac":{"type":"Buffer","data":"ilOxqatb8pdbFO7e055kzr3ZIs8sz0UOjZzG5u7b7/8="}},"IATHzpKAdfQAOxn10nuoItgKM55glR5CqBo0Fo2ol5g=":{"valueMac":{"type":"Buffer","data":"cI8w+oNPqx0N/vv+DW9GdfbAsZzWdEaN5YJY16FbOgY="}},"IFKvMYNBpKjPdrtdGT4k0Rs2rrtfUEcZmvsPb6xHbEk=":{"valueMac":{"type":"Buffer","data":"O9P7FO8EWUm83Aenk0D8nvcbSB/5OthPP1gEGNIZw3o="}},"IGn2fxfj2qdu1+wJ6cj6+svDuGqPldhzA+9VxdkVX4o=":{"valueMac":{"type":"Buffer","data":"ouB28imC2rVpf3d0exh5nPtnxzCj+I8WmhH3ujv3W1g="}},"IVqmg8ng22KH2/WmbmcC10zs9DREQW/SvQ5yE4T3Spo=":{"valueMac":{"type":"Buffer","data":"ULJQx62PrQ6UxsarTt3PsoKhvr8FIyMjTwJUh0SjOhQ="}},"IVxmV1HF9X3kQleUnT+wnvrSLUDMQKnLZ3RvqxojMWc=":{"valueMac":{"type":"Buffer","data":"2HXSUbbg9tHioJE9NBRqr/HLdGqPUe//76cq8bJXgCU="}},"IfiKjYTCh0BpECzCzTZpf//bRpgB+mWdwOfV8PIMS7E=":{"valueMac":{"type":"Buffer","data":"2N/jlLQcp1SHmcy6nKEIgAteKWoiFzBg6LVlA2CXypQ="}},"IiIlEb0t20Kg8YH1NK3s1uFy3n5CsjTTD5XAnhEy4Uc=":{"valueMac":{"type":"Buffer","data":"anfMCc8Xn5FcWPb4yXFVoQKpw6lNB+e/GWwQ6L+UKLA="}},"IiuIQVyN6U8VqC4YTPT5OCq+alYGAvN8z3O1wkw4Imo=":{"valueMac":{"type":"Buffer","data":"HcjiLaFJv41P8wSLkvEF+v5/zjv8lMZw30ekE9CG+wQ="}},"Ijoym/TcoMJDPwkezBzzV5oZjS3bllgOZGzJ7M4uAeA=":{"valueMac":{"type":"Buffer","data":"RhDpEeCBc5jS2NRNN+k1lYFID82YSgCqKY5d49sRWkI="}},"Il5UvQnX+FKtwomu56+8GAC63Ilvn/k61fZR9ks40Q4=":{"valueMac":{"type":"Buffer","data":"PhFwNbxZamCoTrCyVa7etyHIJE3u4z5k8Wh8ZfONfco="}},"Io/u7sXvht8ARJ+iIjZDXo3SvSxQaqB3R7WyEaRmx9M=":{"valueMac":{"type":"Buffer","data":"8/uUoOp57lWrn8eKpWlFVX38wAiBP2nyVmaOzasWrBE="}},"ItaGXtML9xDLUX48Oetk5LXFoYzh9mZK7xY7L6WBGY0=":{"valueMac":{"type":"Buffer","data":"/xQGvfCsSpa09Ivej6YVXJ/+9WlG4mSESEfFD1B7PY0="}},"IubBHLWxMWoaGyZIO1hCkQG0jjWAlRM8hPzaNQdRtmc=":{"valueMac":{"type":"Buffer","data":"I+iD36aXZ1khNgAONdRLnE5zdw+WFRgFIcs/YnH7xP4="}},"Iuo/MHlEhNDQVgCtiJoNo0/RqevRGqLXmgyJl550KJg=":{"valueMac":{"type":"Buffer","data":"sNPqZcxLv2BAWrsAa0xg3ASOLKB7xBaSuHgT8Fhv/is="}},"Iu6PcPluaM6zJ1LKBI4mp+xWN1C86FI+XCXqUTpgyes=":{"valueMac":{"type":"Buffer","data":"qaJ7UGWGkJSUQOQbSTRbxJIoo0jIg5S/47kqK0Kfxfo="}},"Iv/ucf28mK8SqATzKsMygD1NNk7U+DozEyaIDMHh66E=":{"valueMac":{"type":"Buffer","data":"MWSnTFbOoD9jhG23s9DC9/2oIr/snswpG3Oxin+tzcI="}},"I4Em6c6FqA1v3ctQuj1DHscCwYmONsRSaF5b3xItHsQ=":{"valueMac":{"type":"Buffer","data":"9u2Rp2ob7jYvduzyw5seD7Qdywlvd1skyCkWWU1TAT8="}},"I91egVz5zd6eKZ6oRpbQuPjz7NmQ2hroMOb2+b1yMyQ=":{"valueMac":{"type":"Buffer","data":"XFcMUyVWsW9eg76qjNPVtiwv/spVgGkIxPrwW+E+tJI="}},"JMydXceaLzb/ysN7MXpbyNgr8ANdat91fZyZrt691dw=":{"valueMac":{"type":"Buffer","data":"z+aKZRgvUkI8fwF9XQI07FJOBI9AlGZ77rzBm+Zd93c="}},"JSdD9JP0du+K2I2pF9vRgXbbA16uhjGGQsDV0oyau0M=":{"valueMac":{"type":"Buffer","data":"81IgeDf9YnpFwAikZ5i+/E8Tq6YCAnGzKo+xRPAmL7E="}},"JWtyurj5nXaHeZdEoM6K+dR6L3+tOevAnWg5aYodFYk=":{"valueMac":{"type":"Buffer","data":"Nnr6eprcCvSs8eEcal+/eDV0B+6ika0+t7PXkbULUE4="}},"JfL5TL3Hk6WB4W8seR3NuAE2vpXNE77TG1j7WEykub8=":{"valueMac":{"type":"Buffer","data":"nUhcI6wyLJYwFyJo56Yfs1VW1gKOt3687yu+jXoRq+Q="}},"JfdwrotokuSHqjpjJZH5y8vxwKuAUcST63o1tI6AGm8=":{"valueMac":{"type":"Buffer","data":"hh9YhFvHUkpe6y+8okhT74fkjmwoYrH8RPOIfEJJ++0="}},"Jpn8uKTcEHhgmkyGqgM2ckNmpMWgN7Mr/XCjweNu2ZE=":{"valueMac":{"type":"Buffer","data":"PGQ0q8yhRQyFpvZ9xg5ErCXfcHcSr7cTYq6Jya2jnh8="}},"JrA/NNrXEWgel/pvIk2EjQzjYhSHMvc/H6q15WLJ+Wo=":{"valueMac":{"type":"Buffer","data":"ht6efSKwPPDR39w5wI5j51iG+2+aI0S841C2NOk75JA="}},"JsCP09fuIK4SGDT4B3Q64LoNvkUp5AvSf41T+gQK/Zk=":{"valueMac":{"type":"Buffer","data":"+s6q9r9rpu5pwHtKP1OiYsaNwwS7aKLYfZHa+uy9CQ4="}},"Jz0gxRxz09scUhaQgNPh4Ldy+dWwo+4i4QeMeWmdKPw=":{"valueMac":{"type":"Buffer","data":"v35FnOx15zvRyU6h8jg55DldI69XhaipMymOC/fxkkg="}},"KJLi9x6UURtHe6u+XQ4U6HsBXUnH/spRtJHrQMS0zts=":{"valueMac":{"type":"Buffer","data":"SQ/QGR3xNVI/M4O5+Ubla0pCeRvbMEiceJdE+Gjk0Bc="}},"KLlI7egbPq7iV5/DHjft4+u63hE4y4pA3+E6BSEk1WY=":{"valueMac":{"type":"Buffer","data":"0gniXBqjyx75WkydSVaGQUHLOSfc6gniobMu4HDWAZ8="}},"KPs9LlOcY1VtDZ4yVdGvq24doOkmlUK79J7a3HJal+0=":{"valueMac":{"type":"Buffer","data":"bEqMAyNNSbrC+XHLsY+lIzCWNDpC5HvJ6sr4bm0ynAs="}},"KVsi4yAGX9uE2ohn38FdF9KiGQTE/5Kh9/MzSL2v/48=":{"valueMac":{"type":"Buffer","data":"qz2RX16XRgVAr1s8xgFMKUzXjOgaZ1cZGqqI1+4GJic="}},"Kel8YqOCrqTns/RW0ukQ6JfJw9Pk4N0FKvSIsTGGkGU=":{"valueMac":{"type":"Buffer","data":"i1vfcaL2DTnJuoPooviel7kcusDkqHBeQ4Jyl0MLuFY="}},"KlZFQVyLShK5OnTguDa1wDM3zzXfxVs/Fo4ixDuav+g=":{"valueMac":{"type":"Buffer","data":"tddpIUAg1PfKbFbNnS9hMNteqluFaHvji/JZfOEfDZA="}},"KxJHB6V75M/j5QG/+iI9Vp6br4veutG8ZV+uKX1zRBg=":{"valueMac":{"type":"Buffer","data":"shzYhIY9i8MoQiihL/XcXYl5OEu2qB53uq5IC5HBd7w="}},"KzozibluuFBK27cO5vtUDmhTlVVom5N6nAdS34qzW4Q=":{"valueMac":{"type":"Buffer","data":"6kXToj0Oa4fu76jkK5kC+Ju2VYFBLJBheY3FNgSjeP4="}},"K3Sbg7+Ru25URI1lqq+PZ3Qyx/H7/fev9ybuIYKg6uc=":{"valueMac":{"type":"Buffer","data":"dRmXg48KUM5Nxf2Q/PTXDJTusCj6j5y5Ql9snpzwgVc="}},"LDlVWmGAOhiSzcczIusqOP9Lp/WyquWgcZDw8yww3zk=":{"valueMac":{"type":"Buffer","data":"m5f1Ch6sQHw0ot6wJF6X9Em2wkG94Cr81lY2ViRPfxI="}},"LJ45xhyi3BQCoefWkIjwQNTlOUND6C6Zz4rWLs0M1ng=":{"valueMac":{"type":"Buffer","data":"usxn5Rof+aq6O5GewJ1/q1dWcY/+eEQv8fbN4hUmztQ="}},"LOKV/d+karm+HRWpXc2KZIj0yO/x1F5BgkCq6K5GaJU=":{"valueMac":{"type":"Buffer","data":"SFk2WT5p/Tf6YlqI6wlz5voG76qLAcIXoRSZ2/GxbpI="}},"LSw2utEzaNKho4nAuP5BCNEzARLKmFomlwgq5z2ypqo=":{"valueMac":{"type":"Buffer","data":"oEeaWPlVvQEdLqYOG4D/edOWCp5ZZDmQ9K3r3ny1h3c="}},"LZCAXSTkb9NQjzALR3SY+Y25QE5Co/U9GepIF7A5/BY=":{"valueMac":{"type":"Buffer","data":"pHEbYSRzLCeMKfEeSoAcl6CFHmSkBgnlT4yOJRsxkQE="}},"LZxz6SbSRGdc4KKYH29D5lFLZ/CuwOxq9qntqjk++X0=":{"valueMac":{"type":"Buffer","data":"25ltTq3eJrtgDrVEVVolgG5obWJqufUebT/y+k+FvgQ="}},"Ltj0UmbKpZ0bOJ27JSKl29M0G81jvhrz+injeDvG5Ns=":{"valueMac":{"type":"Buffer","data":"mMw8kEOcovjq3EwVxJoPPK/uHctRfxdtzKn98yx46jw="}},"LuJi652dVqf6DdLZT5pKjveOjK/Ls4YEm+EvHj00j3s=":{"valueMac":{"type":"Buffer","data":"YL5VyQCb63aaUsWl8gcwzzLPo0O5gT9fEDP11CcRSS8="}},"L2dILFF+pRKj2eKAhG6QRNANLdvDjjlzIOPobkvrp74=":{"valueMac":{"type":"Buffer","data":"6BBzjg453bzn3/NiEGrS6o31+6Nu3JL5Qp7JtFMOS78="}},"L45JUkqtDfbpkkV7HbxsekYbQCNYp+hMXvPgdjh4eek=":{"valueMac":{"type":"Buffer","data":"6SqDk/whVzF01CUXzhrReRlUjT6KP0Xel6Fb9woQlxk="}},"L7St8lJy+MJwnVT3y3+9YVEr1AU7N3tgQ91jxkIfmgc=":{"valueMac":{"type":"Buffer","data":"4Zp6ve1kV4Vi5yRW469gHzQnZdfjncBngU3BHGJuPzc="}},"MALVbonzmUbYZcEt4RRtbMrVdvJkGFsICd012tgJ9lA=":{"valueMac":{"type":"Buffer","data":"BkrOQoIIo6Nut6wUPevaQF5Ys/eAs8PlH0l7AKB3v9w="}},"MDwCZaKyIH6MS7KHpjVYl1ECLpAqbNyrY7QIzokTXWQ=":{"valueMac":{"type":"Buffer","data":"n/q0owXXeteCD+OyExD/RTCUd4Aj3asO8mwt/Pz6D2U="}},"MGWkzSTcA4LdzYei6ndZ8T9v7w7BT33Obr8cNkaiepw=":{"valueMac":{"type":"Buffer","data":"rN+ZTj1XnomGgjdKaYIdzAPpXA/ZGp47xlaDq6GBND4="}},"MI0taRDnImXesqe0cbJu9IAqMioy0sAyBoLBs5NKqsk=":{"valueMac":{"type":"Buffer","data":"FvrkuWhjM8aVyV4TgCCXqQwxvydpAGi09CRoiSwfKQ8="}},"MK7Gxpcp9ewadtehQ/y/sO8WO7SZuQbMFrdnaKCrWJY=":{"valueMac":{"type":"Buffer","data":"YGcGt5AODFlcsf3sO4tDKdvj3UQGjcX0q0BbQG8hLjU="}},"MkfyTYHYUYhfFBXnaYq0/NA2izkYcfuHG9cIaGBKtl8=":{"valueMac":{"type":"Buffer","data":"A599Lczw9C5Jg3CFWnxCodiqYxBG60Iph8oSHh4TOso="}},"MwbKDBQRNj7gVnFHKUuSLPxjLAJhllGNDzhZUZmpn8A=":{"valueMac":{"type":"Buffer","data":"JRdEQJzJpk7+P5TrrO1DIaRRZVLHuRjP0b5utXmwfbc="}},"NJjFP7q3NQiSohCKYctyDEJWm9LMe8mF2hKiiOyjOxI=":{"valueMac":{"type":"Buffer","data":"H3hGiLZYe/vPVOQenpAwLdQRthtg/smy9GQAsDh/Wnw="}},"NR8JrMmLisSs+epQ5eueJd2KjRNfW0fW2drRpcjbZIk=":{"valueMac":{"type":"Buffer","data":"N4911PkZHxoj/pT/QZXEKpm9bWRKM6acdOkzOWyr1R0="}},"NUg7Cs7qN0bxeGPpaxap7hzrHFsyvkpTn/9a7BWq7lE=":{"valueMac":{"type":"Buffer","data":"RxYAh+qoP6jL3jd8d6IacDJoo3RkQZRvCOQfLx29e1g="}},"NXNkQ3C/aErvQuOijCZvD0rSkZjvLhEjrd+wx/q7wBs=":{"valueMac":{"type":"Buffer","data":"szFT5u/OkX/+d5VlACtawruHDDcL8+0bks7elfuysq4="}},"NX+4LU93YnSvMC6Dd83hLNsRy+PCxk7S2wib+9LEV+c=":{"valueMac":{"type":"Buffer","data":"Gk9GqfRiILffHwcWmIdU8DTo+ndqkVbHKAd36L9ZDaE="}},"NfjYIOzLYDvm70aANXY+WX+5U6ZSs0WPBlCWMnrUrBI=":{"valueMac":{"type":"Buffer","data":"YeBFBsptFYB4trvtZTWI/Gg/gNsD+62CTbLX4gAGnhQ="}},"Ng5Mf2WJQy6S08wublmUt7gFDSOoLmK00VNK54NTbBg=":{"valueMac":{"type":"Buffer","data":"PJVzTAxsg0iWGZHVugnTHf7QZDeUVeYK9BOlSDQ9oFA="}},"Nhdfgm5hnc1uQ6Wn5GgDyeXjgw6Ks2U9rRzZMNhZUgc=":{"valueMac":{"type":"Buffer","data":"d+Gu6B90a6U/FMEdou4eQ6IgzjRPsocQoMUR/zTTRZo="}},"Ni4Iecjdj5KSJzx7ND8a3anr7pJjsbPw7zwXuJFvEew=":{"valueMac":{"type":"Buffer","data":"ycnyZrU4DF8eNGHzD6H6TrlCg+ijxWqOpfTO3M2J4M4="}},"NpKsCABq5KXAoGw5XTQW9tNhlKfllYDB9EhG+ptHcYc=":{"valueMac":{"type":"Buffer","data":"R0J340rXAiolJ55QLp5hy5+rCnGnPUOUibf3D5E+cB8="}},"N5uJ+r6bkNdKTydRoMS6RRsFYBp+/Bh9UbaJRr3BQdc=":{"valueMac":{"type":"Buffer","data":"ysTi1YGQN0C8qpvW9Yva6IRnV+WFi5Qszuaq2zyQzIU="}},"N7SYsURojAPe1LzE1meVeNHtNfmvSLeD9cWuZUtZZwM=":{"valueMac":{"type":"Buffer","data":"8LXm6LyoK0meQ0VwXp9VSExarsG+mlfhPU5f4AI2/fE="}},"OPqCFOlO3VdtlKBjUriqDGB1l/xPwK4DT6Eyge5SHrs=":{"valueMac":{"type":"Buffer","data":"Y6J09Rn20dq9cTjHEE70fOqsZFQ9ewoougGx1ElQtY0="}},"OSUGkzTHi8GZvZER7pd9RQmBfc4GoBwYD3kL0otA6Zw=":{"valueMac":{"type":"Buffer","data":"329Y+HbVdiczwWgPkM4yegqO9PRaeAh3Wb456vJpon4="}},"OU8zcqI+fSasF5QlZqPSBAsn3srpUT/m8gu/fX1lsv8=":{"valueMac":{"type":"Buffer","data":"vF3VGmxM55NuGNJeH8OgORq5stnV7VjKhCNrCXQrLjw="}},"Ob1RZl/81Kh97Uzw7h2R9/d6x1Z3WNFiUcBZb44p6NU=":{"valueMac":{"type":"Buffer","data":"oF3f4+E+rQpb/yhvt3BY+FiPtNtgVtOrSVebcZIsgKk="}},"Od4v92XnQhRxdKM47TDGcQFFoxeP0ylngOVX+7rK3xk=":{"valueMac":{"type":"Buffer","data":"j87tLtfDlGTvCn3MfAti8F2nRGN8HsDW+zZMbMEeIA0="}},"Ot4VXeEbvtrJcRfs67zfp5T6mydihYtDsmtSpDFjc48=":{"valueMac":{"type":"Buffer","data":"eJz0d0zHL6zc56mPq24fQhzUrSvRBoKJ4Bezx6E1RFE="}},"OvDWnCVrhW1OzgbLwDI9nEE8yhFy7TehUSmIeH49/+E=":{"valueMac":{"type":"Buffer","data":"8musjm+u0vF4nfF7T831MICeRP+QZzN6HsqKU2tN6Bg="}},"OzuoD9rbmS2x+qhAgu1ZI0UE6iY1IeRXjK2NLcXS1I4=":{"valueMac":{"type":"Buffer","data":"NSNlGq1Gb855Ze4Bvapyiha8jI1vAzxJoIgpTBBLK3U="}},"Oz0ylk36SDHy4u9Qxc5B4a0JsCbW/fdjd8kEP6cBqT0=":{"valueMac":{"type":"Buffer","data":"uZvNOP2GlgGh9k7EKxVMkqrutgXDb6Fp2J9Z2pUMJNg="}},"O6Gyxvb1MnCsEJ1mWj1pfOlUBhV9ldjWpQ1v81wt7mQ=":{"valueMac":{"type":"Buffer","data":"4Up/ELh+73Tq2iShTHQnG/iQKHYs4+WnikTzISPqVnM="}},"PC5h78sU+E74uToF1RsjKvaaRvnlAlw6mTJs2WLvbHc=":{"valueMac":{"type":"Buffer","data":"h3hcjE+eCH7OxUfnslUb0Hg7A28Olum+KUDLGES3V4M="}},"PW3YbepZY9b2nqyJqNf20kY0oyaBgZs5hw7FrVN9S0g=":{"valueMac":{"type":"Buffer","data":"t1E6ogM0jMGgARCaiMSqTbWM7EAhf4k1s//0Q87p/do="}},"Pdxr6GVGdMYGkDzGdC7mDRMx51hLhNmcCXM2diNy6E0=":{"valueMac":{"type":"Buffer","data":"JifoE7Ejku1zwBEunap4KrMfFJKP6BYNrpVOn+i6DQE="}},"Pk/4769IeAstYszHJpBtc7MRmwoOkQKaJnpKzwPXbtM=":{"valueMac":{"type":"Buffer","data":"t11e9FngQixvU7fpEvuLUDUqM4f3eVnZXwUVfhBy6gE="}},"PsUR0860VWuB6Y97f7RlPyxPrYH01k02b9RWmNvYtFQ=":{"valueMac":{"type":"Buffer","data":"hpD/thc9XS7pkGXkoBpxZ3vUn4xg0aeaQLP2h5Aapbk="}},"P4+q93FRe/WVHxDyYapvGU9M/0SCThtuosYPFdORb8E=":{"valueMac":{"type":"Buffer","data":"zQtQJ6Kxq93L+HRak6iqeHEBRDDzS/r/qbWcMh1jLtQ="}},"QGZu+xkjT6zoUcTUV/4rv3SWgUcOUuv7XrQRtBXlv/I=":{"valueMac":{"type":"Buffer","data":"qhbo9oxwDvcFbIkjAlDV/EzwFLSUDpNqKxvUi/xivl4="}},"QGveqA9ZsnRCinOOddjuYCuVEgGtmacQFWKA4iSR2GY=":{"valueMac":{"type":"Buffer","data":"Wl36WWA6y1LHTgYwJmzh3c2WNbiHIlXHtOVJ9MbC17o="}},"QMKoHBJd41t5C83N9YajmwPhqRwNdLjyl4z1ovOHFxM=":{"valueMac":{"type":"Buffer","data":"/ojfK31bXJUFE0zIzrHa3gnTrWHzI2QIIWdEVui4pOo="}},"QP9XhVnEWZ+S/bUAZqHvMJ2B0z5InNybpqxrhM4v2wo=":{"valueMac":{"type":"Buffer","data":"JCOoTAdFj7wQi/arygHvApFJDkzuab4pDjv5Hh0gHbE="}},"QYWUv2hJ6QsIzGH8/pYcBO2/DQew1Cct1Py4LEliYxQ=":{"valueMac":{"type":"Buffer","data":"wySCaCKXSR5/wkAeZoduJbirrYJDvYrkdhna8UYJRfw="}},"Qk+YZBOjzwGgmf/zzajwMUM3tkSaqZF/PUHlNcAh08c=":{"valueMac":{"type":"Buffer","data":"99UWQGcPnCdqPKqVhXe48V8yz8vzxeovD5K7NfZgVUs="}},"Ql+kno+HgwMlwO9qx7aw37yLAV32+KDOsXMJ6Bza+MA=":{"valueMac":{"type":"Buffer","data":"sv/EzVDayED9RYSa19BfbwDN/S3ML3Mlma7cd45O+is="}},"Q1+DOvlAnTVk/1bcPo1JAIMfdVvET7s14vcxrntb9Bs=":{"valueMac":{"type":"Buffer","data":"aPNee/ycC3yifLGVjOnI49wyjB96d63T+EOA2vdXI04="}},"Q4WCWoCc2zlvm9NZQCbLEMyGXag2a5M6MdDN9hA/jFY=":{"valueMac":{"type":"Buffer","data":"nwQVNsdvU0rQginALwQutl3GQOE70LKCJtZ7o4tJ/4Q="}},"Q6spTspNL6V8HWUOlHvsUveSYoQVSiQcX8DVG5IV9mI=":{"valueMac":{"type":"Buffer","data":"ujz1jchNgUVfP6xnspvcy7htfpiLSfB8zGwjvPxmNmE="}},"RFZWfDcU1GUQg59YnpPyeqgbM/8BN0HuIhBFo1tSMKY=":{"valueMac":{"type":"Buffer","data":"aIDpVpXZffn2R69WTpDHzLE5g7CRX4mODk/Aiw5SvFA="}},"RcHZ3Xm8/BFtVQf5mjpaYQcfjQ2msLA/SyEoEhf7wR8=":{"valueMac":{"type":"Buffer","data":"wqSJWl1Qu4XRJIldTG6O35w7lg/SIgmnjBMgbSO8EDg="}},"Re8LgQMviIp5MKNf/808Q5qYH5mF/T0n/HgaiJAgdzg=":{"valueMac":{"type":"Buffer","data":"GHdeOpMDFxNoikX615Yzcpj8WLhvDtH8ZI7A0hJdnww="}},"RiwixQ8EVzV1+EhHas2akada5D35OfWXyM0wqrVT55g=":{"valueMac":{"type":"Buffer","data":"YsnjbNt1sMcDRYssg9YafYbdWc1faslNhQHp577Ym/c="}},"Ri1AqpnVsKM+gvIyii2milc9jLFxqZZxvovKl1nH1js=":{"valueMac":{"type":"Buffer","data":"rCoBqAEWjVcHQjB177orKlIQGxnW0D+SoeTuNis0Rcc="}},"R45MwcZTsTOdMYIVv7PrCRUqmmjKbLwzAfOHbSToGqY=":{"valueMac":{"type":"Buffer","data":"X+YLFcRn22+HFhQNpx9wMPAQJBYUTwVkcpKZ/Qb7JPM="}},"R5/fC7SvXZCqrfksFsIzt24s28ifosL0+jfcEUEN6Mg=":{"valueMac":{"type":"Buffer","data":"PyBgl+5n+5Pu8mA04eC5ka54WD3UAknutWB0qrzujq8="}},"R7f+shO/Zwt46zrUsBjxpx1dIS0IdP7gCjISaKGvGQQ=":{"valueMac":{"type":"Buffer","data":"YTZPdQ52WeTwZ7vun+D9RnI9duHi7c346i0Uv/bMAOE="}},"SAc69KsM6lFfQ32+gsHMXf4lkO29F6T8Er2cllcKTJI=":{"valueMac":{"type":"Buffer","data":"J6+oTKlvKeAyKh7Wpf/U/eENhSjeoJtYdYZCJYVYknA="}},"SFPMps29Q5wbRnAwZeDmwnC3UXRUsi5/gwHVICpIXZE=":{"valueMac":{"type":"Buffer","data":"JEcfwERHaNDk9OjVdL3DvGj5n3XamZNtXSPBlgVlLXM="}},"SFkK7L1LA9Um/EFeulFSL92A1bUEVmr+zDPJp4iR5Yw=":{"valueMac":{"type":"Buffer","data":"vbBin5kHXBO1DsKBwbTKl8R4pe/jNAIE8tWwTQi7LaA="}},"SIezNJ4CGRAa2si84AmOcWLceyDsPEvOwbMJW27WnUU=":{"valueMac":{"type":"Buffer","data":"Qllv5RPqfilw4BBSEuW8nEjiogLWFKFeEvz0IZ7XMM8="}},"SJEYB8RywoaD/zuuNYBl/hA/0MVCuJXb5wOrmQ8uX8c=":{"valueMac":{"type":"Buffer","data":"2ysibwtxHxYpYQ6bZ3o4TluSRWeY8Z12HN2S1U/am9A="}},"SVzEgLnC5HmYc16NTZhhyCpzhh5dJYWUDmRwjVTuQDw=":{"valueMac":{"type":"Buffer","data":"HRrxVnmDcDJENnt4W2t8QNatyhACwWhNBma/Zryjlnk="}},"Sj2qJpiIEkxYMPEW3PcKNl/y7MEtkd9nM7LnXGQc5Vs=":{"valueMac":{"type":"Buffer","data":"UAk3A8SyCuH0ZMj0sHGWdXPXcrBMlBfagTRuFYHp0GY="}},"SuyLAyxGgIlVHbvPmjAx6am0LzEl9mltLE/0+S3E8pw=":{"valueMac":{"type":"Buffer","data":"Z1ZFaIQ9F3GTbteLoIbaXBsJPbj746UwVo5N11PR4Z8="}},"S1nOQKA3NYX36RKndODAm5Ezwqpni0ifvXr6miyR+7A=":{"valueMac":{"type":"Buffer","data":"LPi+To5QqODtzq29GSzuCQnumMxqck/pOWoS6HgEGJs="}},"S1+7k00ENZDBv22EabJ2diCBR4Yu5/8h8ViIvzJwBm4=":{"valueMac":{"type":"Buffer","data":"yAbvXwIeE4TiAqnvVobfToPaYIrmrcV6KXtE3jXETYs="}},"TGjZCUs2mx8Q5BMJy9SQ3AuYmO2Y7NE7dPQ+no4FS5A=":{"valueMac":{"type":"Buffer","data":"HOizbh8Fruy3z51cjGHQrnK3NYnkmybL2URGjlTG99o="}},"TWYA4Q/jrBwMV9ZPtf1tf82b6uEK/SFvBtcJO/ja1YU=":{"valueMac":{"type":"Buffer","data":"Nar2T588Zwqb2+YOUkdjgDH6eMf2qZEj+umRi7em5/k="}},"ThruwYzuVHjSq9dj7+HUtLIcFiPKWtgQZHIN6xBVY+s=":{"valueMac":{"type":"Buffer","data":"/BffMQsGtSYLDhnLVQAUlnrbZ7otuuQUhEtPrulfMog="}},"TmWOEYWTTYh82jGGqUi4bvodXos17HiMqVzuBDte+OA=":{"valueMac":{"type":"Buffer","data":"Ri9tJodPI9ePD46JFGN+3nYFXpNvGb+gqooBAUgG2iU="}},"TpdyqHM+0rJvZOZUe9gGl8N35j98gjQwx2FUkWutI+Y=":{"valueMac":{"type":"Buffer","data":"jXJ/yoMUn9lfeW8/LeucvtL6ue1/0jIGcA6byT4sd3U="}},"Tp10k+HkqMQcRwl/mKTnbqQO7eVFQrPCtipf0Jb8Wkg=":{"valueMac":{"type":"Buffer","data":"bT3IA8bpl0dRVZwHEGcWNJMsP6ZNWqsKC0MTg4GEf1Y="}},"T72GBeGF8zWuJrurfLW7C+im0ZVXZpPHdLH6O2bFijE=":{"valueMac":{"type":"Buffer","data":"tl5tNdb2b6sO98MrisueCsHE3Y6RDIeERo6H/xJIs/A="}},"T9n5xTACgLqtbslHRPAeILHau5dGaglvRmTshqZ0g08=":{"valueMac":{"type":"Buffer","data":"G63Zlx9/KH39Zxy2Tr/ejhKEyjLs9ka4eLnT7g6ar08="}},"UGFcRK2YHYVFkZM0WOjuPqKtdySItNwD4NsFyKvPy94=":{"valueMac":{"type":"Buffer","data":"SNuMkL93iEEiktu0fz2OnYlRolwGXdveRx7njmdKzBA="}},"URAbr/oAdoRLF/PeR+nVOVA0SbvvQnGCANwxPEwz2Dk=":{"valueMac":{"type":"Buffer","data":"0yXqQPA5ppO5ykJmklxxd60YIrR6xhzuyy9LKOh6Ltw="}},"UTdC7I7H+3GNddDv/6IrXOqf6Og9RAWMqi9ocTUgHhI=":{"valueMac":{"type":"Buffer","data":"P0+KpBEwwNDwdu6cr8SWK942aZ01ZpcA8Y3pK6buEEo="}},"UdW+vPFlzXtUJZ+BEfP9dTVPS/2JHsdgya8xuRYlpzU=":{"valueMac":{"type":"Buffer","data":"M7wh+HV8cQlK/MSskDUOegpNRNO5ytLfsvCIwkDsHkM="}},"UfoBVlTwlYWKkDsisQZE2Lct8rr1nzsh4+Zooz+XTao=":{"valueMac":{"type":"Buffer","data":"2at14l4MWERXZOEzBhXevFHTIWKvgPcjCqKipptgZBk="}},"UfvWVaZEkqbxIA2yA7q3URpWYbVaviNdSYgADIBzH/4=":{"valueMac":{"type":"Buffer","data":"ZnaVwG0L4943w+hfmafLfEJqZDvDNZt8BVzwkRRsuYc="}},"UhObRZOmmASWMxfwFG1H/NkDVinPTkI9uoYk7kwDN1E=":{"valueMac":{"type":"Buffer","data":"Z30yKdL9zp+yGewFiwLd9sYKtvj4CcF09LawaA1PIOM="}},"UitoUJCd90Pba7kcLQ0hSUJ/oXzKMt83uJfIqsyplvI=":{"valueMac":{"type":"Buffer","data":"2eRms+dFEHp9I7xX0iAlwpcnNxiy1UVCOSdu52twqY4="}},"Um+0PLY29HQy9SMjK9UbF/0JZzO9iVhRVkW8X6CYQqc=":{"valueMac":{"type":"Buffer","data":"VIXJTzaUKknk3kAf3WkOGTy/IhU6BKkIUpibOPZNPVk="}},"UpOAhWyTkInyPYiV/QsZS5DUMlCvn1sQ8Yg+ZpCSeJg=":{"valueMac":{"type":"Buffer","data":"B1ImehGwged+aQod5ovUhu1F/lf247HKFZzJ9fDXGrs="}},"Uto5a+kMomc5OneitmuFbAYI52AZYKUlPRYNAEebnPQ=":{"valueMac":{"type":"Buffer","data":"zGj3a6AkSiiV9XAgkg/GZOwBOyRANiju++XEQHH0ZI8="}},"U1FX6n8HjAqJRR0gctL2tsJhu1RN0a7/xwIeZpK3uDQ=":{"valueMac":{"type":"Buffer","data":"/UfPHNGup7aSV/pLV6hDF8Lq/gHgkdZzfcnMBwpcKMI="}},"VDKJZ+Xu+UZ/W0NHPnuTcTHZOKUTmu9ePjC/mDthKts=":{"valueMac":{"type":"Buffer","data":"Mt91LOFCVXiGIKszg5tRiv+5n58aC5+RHjft9dYA2OA="}},"VWslsqlQBE/RGEI7dEu2PWt/cNbVRjThX5ePPFc+lkM=":{"valueMac":{"type":"Buffer","data":"/26Ny8VNFshQ8P4wv/vwu0g5jKh4sDSG/tHryhgasoo="}},"VZZboQDdzZ2Ppp3VQMthj+QhafOBjGW912RULwIV1kY=":{"valueMac":{"type":"Buffer","data":"rUeiBtNixK6hU8b1kqEUg0HVbTgjZLP4/oijv8jir/o="}},"VrjMpBBijq8wrBttNmo9Afrs6xf2yFf+MeCkFst1NfA=":{"valueMac":{"type":"Buffer","data":"bLNXBZJzEMA5NTJFJ8DAxEU/o/C+jDpYn00CpBp0qD0="}},"VtCe7T0keZsr3HkLHEyOwDT0YdH380okfebY/DCo9go=":{"valueMac":{"type":"Buffer","data":"pNQZ8x6A8B/CQRGwQDskglGBhyA6K78U0z7Ge9FQRd4="}},"VtuC6ptNlpJgBvd2s0f9/J6d28wItD0MwFVzUvLIXVU=":{"valueMac":{"type":"Buffer","data":"ySM9hY+FyvFW9RP4ZdAaisgJUjA3WmP044SLr81h+wA="}},"VzKUUmmDRdi1rEanZzh9uuO7gluO9aST2ARSYcctoBI=":{"valueMac":{"type":"Buffer","data":"219oXCP10DHGRgL96CNyRjpo8soWlHBNsZxqAfRfOpA="}},"WCMv0D+mmomcgo2YQPhh7umirlDQObKZvk/0tPvuGck=":{"valueMac":{"type":"Buffer","data":"1GMfg+NMLXRXmMtURBEkf9m+skoxpDa3uE+JNoeilVw="}},"WUWXiYZkpERiwHQyhGo/iQFOdrvDEj5YLE+8foJ4UkU=":{"valueMac":{"type":"Buffer","data":"ktSPu5tA/CKdrwKylx7vIDUmloPrDJmK5s/1dEqbT3E="}},"WeEzEuIWwjvzyrfPlIplEn9EuTlPlZtJg7hT9U0i5Lo=":{"valueMac":{"type":"Buffer","data":"3BpkEHk28WcZZMm7Ufwik5OSa6mTQ6jcw0qua8rtIlc="}},"WhOBHceMBoQeAXHAZ8/fj2ImHDQ1zwN+QcIY/WmjnvY=":{"valueMac":{"type":"Buffer","data":"pBfZvg8micAOOLsgD4PRvjUeY9b8uCZTpod1dYtIFgc="}},"WjXMUdrU4OUa/qoRzTXkf0KpskeZeN90XU3C78DG24g=":{"valueMac":{"type":"Buffer","data":"u+3vOYsSxh5iPZMJqPm06v3kJR1Gu18kFcM76H989pY="}},"WjmdApjXEcvbQXN63WPJVNW+0adHovpfQNfKznVDa+o=":{"valueMac":{"type":"Buffer","data":"6F1yWfWRxdy8+2034v8WyD/ZQ7Lcam7lcRtxsGVpT08="}},"WnUcLshcv8OFLzioBg36GmU4fZrmiPG7lytjoH9YmsM=":{"valueMac":{"type":"Buffer","data":"BBIvVMq814HRhcGnoiBhT1V/RkAQgTyHdtFOeQZmcVM="}},"W5OGiEkHgpXB+3R9aTBjNFk7DX/1VQQbR5rx6qCVkA4=":{"valueMac":{"type":"Buffer","data":"kBWScixxhC9LYh9Wl+I06aJcOMkC1dJ5V7rSHyjFTYc="}},"W/DaXuful4aovsLvURhOeZdHQe9a1xm5Vbp9Xbo2jws=":{"valueMac":{"type":"Buffer","data":"l0wC+0J3Ln9ztZe4c29f/EUY1OQWFSVh2/AvRnLiFrE="}},"XE3zFd8hqqAgicCA/zNawz2auJvVH/MM3hyoLfauOkA=":{"valueMac":{"type":"Buffer","data":"pqpbny3G9RW8UPioC/iDu412r9ig/jS4NNX+ZDxMAgU="}},"XG2n8X9ItOMy2yPJKguBEQ3ZlCgEXBSHCaAMKDEwodg=":{"valueMac":{"type":"Buffer","data":"nbDVn7JMJk9mR1k+Dp3nu/lLqUD7xNXV7LtInuyYeoM="}},"XHO7ueMBYDttcDfRRSjArniU+AJ+4PmANNkbPssRzDQ=":{"valueMac":{"type":"Buffer","data":"YFhtagwdoSaai0dL/PJz0uWLtTkEsE5tcJS5QVJuGfI="}},"XJpMSgVugsOTAOueegAsl+nLCCAYv+M97XXeSrAEsPI=":{"valueMac":{"type":"Buffer","data":"wjgOJ+V1G1U+n5ayuI8AD/cv30K3dDPRJVd3+SWOOiU="}},"XbeOfLnufkZSgN++P9h3sYjChIO+eapgrQDRW1P9mKM=":{"valueMac":{"type":"Buffer","data":"C1kVbnwr+TADuF71gPbJB8E9uEEfEfJO4PmOvITorjY="}},"Xdl8ZYfQxxfFI5bgc5Bs3xwbJigBZ2DfD9QXIj41++k=":{"valueMac":{"type":"Buffer","data":"6Eq5HdsDYIz9zxmcdLEek4ZqnkyQB+TIflm765ErDbs="}},"Xe/eOKIvo4rVDrweMzyfeOJUmrN4niVX+MTaZ/JwnPw=":{"valueMac":{"type":"Buffer","data":"ikioowgig02xwWOnJz6JhohvIJ5x18eKCo+aaFGlQxo="}},"XhhC3dlHNDIuc+ui0P2/TGOj45AR1wBy6vP766UMaqw=":{"valueMac":{"type":"Buffer","data":"LjU5k1DpB2/QGlhKV14hbxmw9CmjyWsPv03uNh8gPwU="}},"Xh/AHDBcLvLH6iOF5OmaxrxFcqnwIdBra7pIIEMqYCs=":{"valueMac":{"type":"Buffer","data":"lFZjx4sh1h3/3OD1xCQY3W7YkdVfCI8ij8NEeZFyCuo="}},"XlUOEmXz1dYmBP9u3BTQZzX0aqyZ7Q+dD10PVs5XeXQ=":{"valueMac":{"type":"Buffer","data":"IzJV7rDmqF5koGL4/mBbwLLYB25herYdUmS0fo/IEU0="}},"Xz1lNMK0x//6B7rvJzyCjSicJY93mbOCqhKZTzwUZ8U=":{"valueMac":{"type":"Buffer","data":"6NNrd4MrxLeaugg8SR9Z7f+v3WWRVSO3B4LyRUbeBFg="}},"YEtupQS50yTLvub3y6xKo+5PCUjfaTyD5LSNt0GGDQU=":{"valueMac":{"type":"Buffer","data":"rCit6skd6Bg6Y55HM8QgKiBAuf+eKLpSqBxRxrbJCaw="}},"YJ263qnlO+QPv2nJOwiLUQog9lf3XuzpdaRYh9sxF24=":{"valueMac":{"type":"Buffer","data":"UVKWrJCSmbaODqMaSoPIJ1R7vV7+lROV204hrGFH5T0="}},"YNGzjwMiqaVo529s0c3cDAWyKABHN3/3vBXZ1/QMBtI=":{"valueMac":{"type":"Buffer","data":"ciGaxmNmkqNLZiNVnFUOkuqAKOgN9qF9VP39ZuwlH1M="}},"YNnFkxh2hM8HVJNqp38IiCmlasPuC+I3eiTR46iElfU=":{"valueMac":{"type":"Buffer","data":"naaWYmBI/Ikw1q5O+IgC5d2gAeE6a5Jae3bovZHJbvU="}},"YOs+SjfBR9L/esT5oFEpsJr72+J/bfAg/OScjw4elr4=":{"valueMac":{"type":"Buffer","data":"4ujco4qGH38tqH1fL3KojlnxC8niSnpOgOMmMdmJ4yE="}},"YaRz6px1S+0fFbq/hAHq6cudCbn9Wlv6bfApGhgxO7A=":{"valueMac":{"type":"Buffer","data":"vNAhM265NpDMqoPlMwj5XoxuL7bVLiGLeR8PassgQ2Y="}},"Yj7UjTe2sieZESGTVMDSA8m5Yh6ZKfDU68yOXOJCxwE=":{"valueMac":{"type":"Buffer","data":"5o6f18lDyU8gIiYushRMuXr0lBsJ7H7z6TMTwpTHAbo="}},"YuIzzacrEbboHmlMNGEkPNS34wyYWQdtRB9ikT5IPd8=":{"valueMac":{"type":"Buffer","data":"c9jHjS7WNcuYPwso2LY+WoKgpgDMoExyltdLwwKtch0="}},"Ywp79JqT2vgzYLTt1abi6n42I2OuozUSVgvT7Ejd4Kc=":{"valueMac":{"type":"Buffer","data":"CZOs3cukfb6p0PiKnLN2U61isdLLHqQoOuxyhsNQiWc="}},"Y3DgbxwfTh3W1DICW7dKvbj7xA85RRPa1JwUrLble2U=":{"valueMac":{"type":"Buffer","data":"mQZvNduNytMVuGePl8s8441VENB+QHlvvKiu3ODQzms="}},"Y3Kbo/VrTOiLA5REf+TdE7z9j33Xb7I6wiWrKQXY5i4=":{"valueMac":{"type":"Buffer","data":"ePXqFZksw3DHD5hsPGIUcJtrNvvBF1bETBQtNxXxLb8="}},"ZJ109/ctMvGhn3I513Wyy1R/6H6463lKHg6ieHh1BUs=":{"valueMac":{"type":"Buffer","data":"H+ZXbJvxWq0agPhZ9cLkrIBrwVXYjTOrkixY5U1ZsCc="}},"ZSPnSUs0kUWeuE3h37zAIkbzPvTW2OEBIAzfRT2srrE=":{"valueMac":{"type":"Buffer","data":"sMskWnw01kq4lSW0iKNY3IqWGnZTxs1b6HzOxju+ut4="}},"ZUFy9pjFe/cP1O3IEDPPp5WxEo7DgcHyUD2lPXrpuAU=":{"valueMac":{"type":"Buffer","data":"/uUMYJ6mNTceWvLGfID6YsOFIqP5NaYhb0UMyLO5Fq0="}},"ZZkhVEOJYzQRbUy5ABYYj7svTltr6qzfzKO8h+ryzyg=":{"valueMac":{"type":"Buffer","data":"YXYi94I1oFWff0JPzmSDVBX/nXNLsmFwsI3uhMTH8SE="}},"ZbYLIajnkoGkXZQsvD6RV+BO+a7VybOxwQDaGIfNv2Q=":{"valueMac":{"type":"Buffer","data":"3qLMUbbkOGnzFfexRsXwOl/JYnjTKCn7UJdd1eli2FU="}},"Zb+Yqd4SxlVyKSUByPeWhiLdOueAKcWjHlt6EEDG+XM=":{"valueMac":{"type":"Buffer","data":"K1X2/eL7BQopIsekXhAGtBqq3qMO6EQ4vD5YT58jRGY="}},"ZjcnX8t5UNhQiJC+Ot3ytzqEJuFDUukBoK2bsfkhRJw=":{"valueMac":{"type":"Buffer","data":"dvfyNdRy21WT7RYcl1iLLTauh3lQjYJioTJ1YslPsN4="}},"ZltphuJ3uvAYU5e6p7t+8vi6ndypPmIgbGJLZe7DCpM=":{"valueMac":{"type":"Buffer","data":"LQF+iG46FAR8+EJ7oJgrO+3sthXBkIpjlmDUqnz0jkk="}},"ZrJKxEzS9OPh6zoHnK/XdTRx/ixSZXyKrpowvStqcS8=":{"valueMac":{"type":"Buffer","data":"jms+aQvPlT0jPtWJFcGvzEPmGRZjn9mL35uwqPmCOO4="}},"ZzZ3UbK81+PNW4oosnJ1issrm01EPA3pEHycqTsuDLM=":{"valueMac":{"type":"Buffer","data":"i8PppyLBPMcsUJvlPw3UvmW+DLIdR26TJkS4hUfJhZM="}},"Z6pasJuKDtwqDU2bDlea2BuebqyPjreth5mazxzr9vs=":{"valueMac":{"type":"Buffer","data":"DNwHXONpnqNUO1jGtlt7ESUePZDcBhGQU8diFha6skA="}},"Z60NOtnmkQ12xF01OIhOgT1VbMd7YzIWeYsvDoKAeWs=":{"valueMac":{"type":"Buffer","data":"a14TmCMtuh4agQT6d9G7a86U0CdUyK3YTwr4+CYgyUQ="}},"Z/J/wutdGSMJ8UXE7hl+3IFYilQBSNA2QT9j4Xscazg=":{"valueMac":{"type":"Buffer","data":"DHJN2xjaVX2O6fF6uQQdUgECNZexy38axNtk4kV/Kqo="}},"aAlxbAt5gAysxht703e6WBpq1xGYQMsexjs2moLw9io=":{"valueMac":{"type":"Buffer","data":"w3qlarfBC4U/m7U6sgxI5QWhS9YH0wHKufQu+jywZ5U="}},"aJSgZrjVdke+ZNjqPOrUu6j9o1CzdZszfKDLIDPuhPs=":{"valueMac":{"type":"Buffer","data":"bCiKnxZCAluOEZShnYnHivSjfrjLGpUc/27RmHOs8mQ="}},"aZsAnTZxWjoLUOkQGS/GSUHvjvzv0CDTjZZ69FNKBos=":{"valueMac":{"type":"Buffer","data":"a6vgMF5Y20SjAkXqg4wXc0fkeyXs5PX5S5rrrQZ9bB4="}},"adbHf9f96oLOf3wjzMJ/whDIhegqcSCaorzQg9trKQs=":{"valueMac":{"type":"Buffer","data":"NOxsZnEDjMGTfjCT9i3xQzSZIaC3XJs3EmK2VHJ99EA="}},"aduI7cif7YYNme3U8OWxoPzODMK80gNGh/R/mC21Szg=":{"valueMac":{"type":"Buffer","data":"fLSY6LYiwkMVe+0jbkplXuvfLYEW6FXBBLv9GCy93Io="}},"afhXnn0rn+c9BexdXMRwr4XiPkDeIcACpdMYs+QTbU0=":{"valueMac":{"type":"Buffer","data":"chp/C069TVT0VTqT9xVCMRw8oXYxQOw87mt22F4ZK/M="}},"auWjmeOg63rmIzkxlPfBBnebGPayEB9hakh4z5u9Zc0=":{"valueMac":{"type":"Buffer","data":"O/A+3SpnP19A5Ho6CdGV1Fa9RRBAduW42i2iOS+SCGI="}},"bKuYNC9tdZCjkXvfQWKZAGm/nWL8hxodL7HG2gyrXlM=":{"valueMac":{"type":"Buffer","data":"X8fo27P+EOQYBZDZhUvRCy24Zi39mXULpSotelQgle4="}},"bTAdzOAuaQzv1cmrUY6NuJAUcwDABkEWbgUAjoXO33Y=":{"valueMac":{"type":"Buffer","data":"1osD1FR/aV66nuHlsZZHN9aPnJtcJPNzMlsECzkYDoo="}},"bV5PVmhwG+U6CD1W8RG0MmObBbbWJRzNOtuvtdhsvmU=":{"valueMac":{"type":"Buffer","data":"xCt5troAL1gtTsQBesTPx5HlvZpv22PzlEBUaw8vQlQ="}},"bgUqKb5LJ0hslHbEAnCnS8Yrwe4lB/nKUaM3BPUA5AI=":{"valueMac":{"type":"Buffer","data":"krzRapcuGczKGTkVe/vjxEMReOQFzT8PKW8XsvE4wcw="}},"bmHLgV18NU9tVaF2MAmMu18xEUtuDt4p3OHzFQ0L7xc=":{"valueMac":{"type":"Buffer","data":"Fz0AsbeYCHAD51BSzTT3gkbOXUDqRLIbk8yXadwLBac="}},"b+I4CQr0g7js2DwDrxqfYwEeSHW4lYVWiwbgjqIm6xw=":{"valueMac":{"type":"Buffer","data":"N26hJ7WOqtPE9ssSwSc+91fo5jcwikD9ykzb6Ajp6w0="}},"cBlX6v03cllenhRMN3dhbh9djrJl623qrd/FIdW/ulc=":{"valueMac":{"type":"Buffer","data":"X11ze3i+uP3BU+y3izEX10oC0oswYJh0XvDbDigXvHc="}},"cLT1s6hCidbUMYcdxFFPj5RrOCGokFFccj5tuLkXGWQ=":{"valueMac":{"type":"Buffer","data":"KbVh9FXd+xL7RzifCP2XopHHw/G1uPEo+PlnAnkfvPQ="}},"cRyM38fO7idGyq669zv7VugsGIaK5oWyk9XspgekFCU=":{"valueMac":{"type":"Buffer","data":"L/RX27p8kx2Txv95AZp8mDLgeE2EOcTyaVVgiuVJmi8="}},"cX2zOvNzZQv9IVgPfx/1tojElaNU55M2dJnQ2V5JJTQ=":{"valueMac":{"type":"Buffer","data":"AetLca5nFnd1Fjcb6CKrn4/OSXK1CwRufWoixiYwqTY="}},"cZ8KY6LrHN9Gh2yVSVQvINzVVMFF5h3fC3FCq40C7xc=":{"valueMac":{"type":"Buffer","data":"Dp7DC75ediOMxCpegEw4DNXlQXIrv9Y0Eryfng5B7Qs="}},"cdUPpFujBzSd0tn3O3Keli9Udy31Q6DTkUBshUkO2AQ=":{"valueMac":{"type":"Buffer","data":"O/kRlZvok0LpDjVAuF3iJthcuC1KBj+7w6MZk2oBMSc="}},"c177nSMknYS7bh/lTJwHy/MDikAmZfp2ME1wgbg2ksU=":{"valueMac":{"type":"Buffer","data":"wFFyMW1xeFnEbDvVSKF+3DP105mxiN/0g7reZkC0cS0="}},"c4dW0uteXiHrloQISZNA/Y5nJ/nCWgTi7A8aTmPRdUg=":{"valueMac":{"type":"Buffer","data":"JBUd+Itr3Jr/jML3G/9YIt9vOWqbC0TnS9btKNIklcw="}},"dDePc8tQYbJwYoFAY8xddXPeqyHjj6x50bSQEcuYwJM=":{"valueMac":{"type":"Buffer","data":"DedolMbJ3AOMrattPkGO6l9D8J1oafprgEdryySIElM="}},"dO3Ki9cNkcQHnkqWZkUQb5e8wXPjaX7cHp4fVI4Mv8I=":{"valueMac":{"type":"Buffer","data":"IfD6wfFinqChraIoJRkW1GzmVO8mCtsL7VFNZsnf+l8="}},"dTwHvwvNnd8F8ONPoz2NUaQIJcAirp28OAaHLm9r5lw=":{"valueMac":{"type":"Buffer","data":"OHjh6+OiLYZb4oummxgr+BnWxeeHzqYVsTuO5s47cHw="}},"diMWG3q3KbuFSctQ/mSxyCO5SLwiNp2mRZKaExV/k6c=":{"valueMac":{"type":"Buffer","data":"1ia/XcEbDm4Dl8Hi+EryfXMJ1LAsRwaMvWnjWujjPrk="}},"dnRREa75qtn/I0AcMTUVdzZLncvCS76r3lnOHIHEd7I=":{"valueMac":{"type":"Buffer","data":"WQ42O+EIWB2aFVGo38teWTP+VrkvYPp3HThjyEhV5a4="}},"dx/Q9vOezOhW2VILx5QpWgGljxwt6anV93vxOkLnnj4=":{"valueMac":{"type":"Buffer","data":"3k6qzMmJShK9KPiPHJvJ1VsDYwVWQgKOSgjEuwKKX0U="}},"dz18nLgDvOPeWXhXLx+2T6wkqTaTtu5RlYjpqll0qBs=":{"valueMac":{"type":"Buffer","data":"QU+qtYtKSZdk3BACIsg3nWttV28uO+Xg36VNPpRYXiE="}},"d7ElwLwsDv74E9tkz3rsDM3Yqu6B21z5u+v5sgCbm7Y=":{"valueMac":{"type":"Buffer","data":"a1x6TB1DiqCzOXl8OP6ZXrNUBHcSZtwbnOi5Yb8fSOw="}},"eG6DiinLI8haenvPV2WBfQVFVmXLODTeba4XFw39g04=":{"valueMac":{"type":"Buffer","data":"Zu8ZM/hrEvK1xNNMQAxmg5U2c3/7ipb6JVL54r1oUeg="}},"eHqzVzhPvQ0DcrHR43lxiCbQVfIX19zgFYbTAVS0mKE=":{"valueMac":{"type":"Buffer","data":"pHEClo1paKwFZTAM8KrFL2dVUUeZfsns7Bl3ItPtM5E="}},"eNJSIbxd6QhF2Cq43+6bke73CffLfS8ch2V9iIMloaI=":{"valueMac":{"type":"Buffer","data":"Z1YpAVRjVxSH6PThz+oVBGbXMPKgn0O7aRUzc5vfe9w="}},"eZ5+SRfmDjvZQUhxn/LqJ4Jv2ID2IK0dTRn1HqVy8+A=":{"valueMac":{"type":"Buffer","data":"T/yu/vbT/ziKN8fN8a5/vOeQJB/33efAQ3+16o0Vu3M="}},"ecpQ7fzs+iUKGsJIuCnzplcsy51EGfdQXfRplLWSWQE=":{"valueMac":{"type":"Buffer","data":"2jvzU+l3Uqcn2RWFBvn6HRQfYeBDAhWcU+Wu77Z1zhI="}},"ekk3IkGo7qB3KrXDyBJ3bY9ASTatybvtR4d1VcvPmIQ=":{"valueMac":{"type":"Buffer","data":"yEvHeeXKlyUIIDZslaIwctt1Vf94OTn48mu2aQIVnoI="}},"elmoj88ILkEsGwEIgZLZxRUlVGEC7R9q3gDDt371hJg=":{"valueMac":{"type":"Buffer","data":"7i3bYXCiKjKzExp1caBLNuagTeD6cAQMhofBxadNHQs="}},"e0SfZCpKIkx2NUNgTbh22d2Otsxh3xSsPTdrP8BVA64=":{"valueMac":{"type":"Buffer","data":"WS+mD/GT5Sd+Xgv+2+ULgaOy4LNVwdmuO3MpUatcA1g="}},"e7Xg0xjkQQWh9vqyo3/LjUSeexx9a8AcU6LK1uucrmY=":{"valueMac":{"type":"Buffer","data":"rAuSuzUOI/rGLN10V8AhfXFU+h5bVoYbHgorIccPfQ0="}},"e7c2I8lprcAzGkLKi2mLGc/i3YFu+MnKGo++84u2VBI=":{"valueMac":{"type":"Buffer","data":"qSBeaHe3/1L8Q4s0ypv6dHLnLBscXlKx3h7cODzW1Lg="}},"e8J2tHDlL0wRx6Jk8ThPxw9w7aokY5AYtwJqMqMvgVM=":{"valueMac":{"type":"Buffer","data":"EgBs71mkRSLfes4VdPB4RbBFD6dJ9Yo7IFkP3ZkmC8M="}},"fBDvKVXHbV5qznniiGdlMAyUwBjKAZxTnVkZ3CYBpp8=":{"valueMac":{"type":"Buffer","data":"0PHXVTjORztTEmtbJUVMGotTdEbWMtYueTI2yd+RhGA="}},"fCm+BrgXvJ6RWDETz35n6DwA7c29Yw+ikycRWaR1i1M=":{"valueMac":{"type":"Buffer","data":"NtnluZkii8Sk37ZHySJfQY0JnF/hml1VJd7F76S6SPU="}},"fFTE7whFq57QgZryHkCD0sACJTnLAelyQDpSrBy8UoY=":{"valueMac":{"type":"Buffer","data":"NCMeLavlvpEEMdjKYUxDdof0naqlLV0Xk0pTKtrpOkI="}},"fKhDyiKXSQ+DaH15IBvQLN1dO7vKIkQqip82aNvyMlw=":{"valueMac":{"type":"Buffer","data":"GtEcq1TyJ3ZIIiToX9bKSwqOtMhtZEjKHXKGrpE0D+M="}},"fM0cVY8LDPFEV+fu7K4TZtMdaGSmMtStUeEzovZGT/E=":{"valueMac":{"type":"Buffer","data":"uemCTBzhXGOzM5PZMC9rFRp6QwyBmoMrZFJhvHdXR+8="}},"fYYByvUD8jrhOL2ir8cB2oxdDbPW+bOrONri+r6hn8w=":{"valueMac":{"type":"Buffer","data":"HjCwO8MjG2bKPgPVQajBUXybmUijA7BXedR4hiFQj9k="}},"fnYD3llqUAL2XmZgtlbNBx/QQqw/Z34qYXzcOLQg+7E=":{"valueMac":{"type":"Buffer","data":"fNxXUWBEB5/871M3M4pBO7O4QeK+K8ERg/FrlTUPexc="}},"fo7qDLVSkxKL7VKYb/xIPJ5h7/cFGwG6HM0YAYUpqY4=":{"valueMac":{"type":"Buffer","data":"emuBXHUvrtGjRZaUTDKdkN39GXfp1id0OyFStOZ1zn4="}},"frMhkdzikcyzBCMb2BM1vFzdxZn6TiFGn+5Mby5iq7U=":{"valueMac":{"type":"Buffer","data":"4g4VyhgSWAOk4pRK84JY4JdcAwgOKBi7iH9FpB1Q+Vw="}},"fstQNylQNfed3oOAZhvWYmd9+93EtcvIDPjtd2AemDw=":{"valueMac":{"type":"Buffer","data":"HURcMUguRL0yvt1WGKlBVF/HCyRgWGpvhfmrJTH0JrA="}},"ftw0N9KbyIDjk6ScuvG3B5Cs+bG6sfZ6AwGQzBFJCwc=":{"valueMac":{"type":"Buffer","data":"szI/pP7L5RGyritvgIVXZHOLXSieG/rm2PDv/Wqj6Cs="}},"fv4tm013j7jzBuLJzvvDEgzAILN1ab1EJLIx6gwOWNg=":{"valueMac":{"type":"Buffer","data":"kTVHLAjtZ3cG1om2kRJvmj0g90R5Tw5+SDfyWelKZzg="}},"fxWCkjuuklEaM0D5wtHS5O1hmky/TS/o9x8hdf0o9a8=":{"valueMac":{"type":"Buffer","data":"e6txeeQGKCg1D2x5YyU4/f67sukMo9uSsRwlPZ6ThYs="}},"fysqwNBl4uvPpGN6acY154fWlNA5xq11oUGZebSK0BM=":{"valueMac":{"type":"Buffer","data":"Isi300sRDOHbSwMbGdATsFhRhTra44PbXhJYWN22qN0="}},"fzSqzXYu7zrnZ7AwCLA5rDS8jR7oCn5JWUNJPsw0zmk=":{"valueMac":{"type":"Buffer","data":"3sHE1GPMjnbR8Tk7Ko8FMWF6SDmwJZboAxnTDuq/f3M="}},"f3P7VWjNtDO15q60TT2b8Uxxtx0HCTh6hu3qQgvIEaY=":{"valueMac":{"type":"Buffer","data":"yEJ1sNdiF0Z6KcIOJVYbfWLzKAx0iLyd5pq3avnEnzs="}},"f5xTG4sQbeiCENV8ctFfZOxZdaEhaI4t0wUPO9UZwj4=":{"valueMac":{"type":"Buffer","data":"qKEzPjHCkPcfXHD7ZYnYQI2V9ohJ4WyqGThqjrZoE5w="}},"gAzh2+TgWw0Zrc53Gg1mo+/Ost98T0SUfc+rrBLySAY=":{"valueMac":{"type":"Buffer","data":"sJ+VM3WHSLZwRYVvckucvKmS/B0YgJDutxMZBzyR6UA="}},"gE5uKvuWAyJkqM7BabypI6kyHykue6Y+8raNcmqjasU=":{"valueMac":{"type":"Buffer","data":"cI9Y5FWO0VxE5EU7bHYlj0oNunqiMQdiSWuLh2688CU="}},"gIcHBXH08nMO3wGV/0pHsCzc8UgKBPdMpCW5sJ/4uoU=":{"valueMac":{"type":"Buffer","data":"yPP41YRjO0S7nu+RSvR2SimIsovXXrhxbY/McLUe4/0="}},"gJ5GMng6UkyOJuhDwrNtO/mJk8lg5YPhuSNWde3YqZI=":{"valueMac":{"type":"Buffer","data":"hpbr6xFPxAO6NVRUizACkwNWmpo1pbT/fTH8an4BDKU="}},"gc2XlknvunOw0TEFPxAiiyGUsL9LS4I7V31Vtunfy6I=":{"valueMac":{"type":"Buffer","data":"f7ZtJipmX3BM2g29thX8zaqFTojy7J328CjO/wCbilM="}},"gn/1QztI1/NI/3UAudgoOubiiX+kG7dwaDsLf/MIq8A=":{"valueMac":{"type":"Buffer","data":"107HpJb9F1KHHABS1N369Hm4mzo4BcYmw4pDzKLGbUk="}},"gsL7I+VdG0ld33s8SfiQqgb7wDaFhfr99ywvbt+Uz90=":{"valueMac":{"type":"Buffer","data":"PxGCIpTbOTwG7+zA4x30BuBemZKK1MXvc0Hv4OXOLoQ="}},"gxj8dj8y4GbhFgGhBnRf9RbFGKyxenHHeTdRt4vveBY=":{"valueMac":{"type":"Buffer","data":"y9YZc8o2KQFO1aGJyexj0agOVQb0mFFAhNGajBXuwnQ="}},"g8BChVjpFbxlJqCC8G8BDoaujFeuC+tWdsfJvCuyFCI=":{"valueMac":{"type":"Buffer","data":"99d+egqL7WqEzo9n5x6+HH9od9sBWG0hf2BUSrtwl20="}},"g9qm06NIrMeStcgo+OOLv/GZMbdR4krcNKse7lt/zG8=":{"valueMac":{"type":"Buffer","data":"VWgH7DGsjNbUkqkkn+wPC5wc4PuAcVN1h4ZU3NTt724="}},"hJEJacbT3UjvLfEBAL0NRDfNsyVuqtMi8ihAEzF3yY4=":{"valueMac":{"type":"Buffer","data":"tDRaRPK+RGbPqcYwu8yvliPm6D9meFtHVBLge8pJzhA="}},"hJE90i9AB4BTcPVEPYD92BCuRAcitkjxansPxZpV0/o=":{"valueMac":{"type":"Buffer","data":"GKwXSqDQ97EtfrrhmVNgmZAshheZFqfqF7AMwMzoUjw="}},"hX0kLXMLsBmfEto8WEDz/iAfY4bR6u3wfUa2JeKVW/c=":{"valueMac":{"type":"Buffer","data":"Q/2GKf6tItgwPUsBhzlN71w7BgwkHuK7rhB+dOMOu9g="}},"haBYNrghJSbX6AXFi/BSmniWHRxDcYPMzMrCKbSnJcE=":{"valueMac":{"type":"Buffer","data":"FXqE443lA7ru/IrAv6Tutiei7m/E4xfRJiwoSnuHrj0="}},"haZlrNYF0MRx3nUMgPfvKiU67hLCvM+l68J7mS/kDgc=":{"valueMac":{"type":"Buffer","data":"S10QjooM4uo5iL0L0qm5eNYIzbCBXjNJzwuSKzM9wMU="}},"hooP1/kErBHNHMHcWNEAjgu48UOCp7mtYD3rw4JEJ0E=":{"valueMac":{"type":"Buffer","data":"Wu/bR0KzLDYoC6FgZWhEt6y9k8dvG2mcGkuZ0wSp8Jk="}},"hqbcbcpginKjf5schJt7siSyNbb5q2j9kOOT0d3pQVY=":{"valueMac":{"type":"Buffer","data":"sDB3c3LMunVMpFK8gyPzJIBq+k79Hl9wEJbVrjKAuRM="}},"h4GaTUDnxV2qvqAHL2YWNaJY7MW8witpdAXLgHfvYlA=":{"valueMac":{"type":"Buffer","data":"krNdOh0L1Hiw09PqS0utlbDjmWsbxnLyoUtpAEB3d0k="}},"h/kH/GfYkvoimh9RYuNtqMGbSNlrDKy5HWBUXtZMErw=":{"valueMac":{"type":"Buffer","data":"JRv+SpG3E5ztja98pTiPX+FR2yGC86g8WpmhphlXstU="}},"iLMbjwVFG6kilUn4x9ZHFHcl8P8/qLOrzirHRHnLW6k=":{"valueMac":{"type":"Buffer","data":"fLjA7DlXSl7pEon0u9x/DsTBWNM2c2Kco5kuocofTFM="}},"iRgH31guAqWMmubrkIhjBjVXSGDzSW96QS6/ORWpZfY=":{"valueMac":{"type":"Buffer","data":"ynXKgmVVNIOYR1EKNITTMU0kuAlsaTbXwTrpXCIuF6k="}},"iddQWGmTNMMuaxnYL4jLDjg1zzC4qFc/yULgPwQHe1s=":{"valueMac":{"type":"Buffer","data":"DjcHSbbtXubEKHe0RgquuAEEnk6sUcoyKrpS/R54TXA="}},"idfOhVCVB4jR+p76zaseLigXM6cVPk0TKJdxAJ9+lBQ=":{"valueMac":{"type":"Buffer","data":"c5e/LKw1VnlRjb546jIX7bjzgJuVESaBFOfmdC/w67Y="}},"iiRqOB2B9HYk3c60C+2VA5gjSRzWNRnvk1bVqeGbp1Q=":{"valueMac":{"type":"Buffer","data":"J4+gBeDQ6Fcv5pH7T9g0dqwdo4FgVROmS3qWbtXJLAI="}},"ijokwwcFmR902rfrPvTzD3/LFQpSZ8EYz5gydYmhiGA=":{"valueMac":{"type":"Buffer","data":"29ITtfg8GnygtOHlsLV/P5x09kUe5Ml70OMhhByqskQ="}},"i8JJHd1VB9lIOVRz0O7AF73h3k01HgEzd5mhqmm2J8k=":{"valueMac":{"type":"Buffer","data":"pCyESTx1YmT4+2ySjL0ZOp3Pij/LfjtqZ1AzIshnVlo="}},"i9BNyy+03bKI9DJ/PZBqWd3dQiCTOzpbCa2aLCkFoYs=":{"valueMac":{"type":"Buffer","data":"oLIi8HfD6Ow81GX372hbomh0Ws6g/y/xts29YqZz4i8="}},"i/qP4w/YM0nx3ENOVitWZkAqA979KHygL/NmPYGlGik=":{"valueMac":{"type":"Buffer","data":"HMjJ5GZyy05/u+rYxvXo4IFhEPjt+Ri4jYr20I58tR4="}},"jCmxe+noQQsWtrm+D981I594PZfOQDy3dP8CyXb7PC4=":{"valueMac":{"type":"Buffer","data":"78MUrW7be2TOftSKHbZUP5g8uXHGprYYFni2NwoTu94="}},"jDnxd6QYyJQp4np1dIEIvdz8SkZ8YdKpG2NhsN5PxxI=":{"valueMac":{"type":"Buffer","data":"ORaFbXA+pE7KXQ3PObMzr50W6fmXHQv+9SZpFhQoHts="}},"jMs20jzUg1bN5a9vl2CYVyXdpfQi2yuAdGEB8Zr9y8A=":{"valueMac":{"type":"Buffer","data":"GALWC9/NyGoPIBtlL2SHesbiouTYEMAPpDk6XBPGs30="}},"jUbrvsjM0ocLu7rAFrgzl0OXIb6jrBZVKIAviuNWHMQ=":{"valueMac":{"type":"Buffer","data":"pMz0PPUYgD9JATfon+ZF4N/zfcj0YEdB+cvfKvF5R3o="}},"jXY655k8zmnTa+7HqzVFIIYBvAZpDhEJRh3uOgvKApA=":{"valueMac":{"type":"Buffer","data":"j7QBu1OYwsJ27BKD1Oc4xiKlcpI97WD3P9Rah2ppPXA="}},"jlj0nV+QLj3yS+Wc9LdYxhmAvcFgCpmlCGJqnbfRiMA=":{"valueMac":{"type":"Buffer","data":"limo1UuqpdYo3bESnvNfEp2ubs6glhMwATC02stUaII="}},"jpxqRVuRBwt8AsQx2jF18tmYRGBwxORkIw+YUjXj3qw=":{"valueMac":{"type":"Buffer","data":"E4ACLPM9NHWDT+ftLEmriQSIPT3xCufB41U912guCXo="}},"jsfnUbMTlvuRK9anhSIhxJQi08mn8qtT1XGCqChdFwA=":{"valueMac":{"type":"Buffer","data":"iXpYeuZa2j1P3U6W2mlT4+C8vDwGODN6jniu9Nfzd2I="}},"j2Ws6LkMQIUenojJqXvHE32ZlrXpRPQDJgvxWXogaNQ=":{"valueMac":{"type":"Buffer","data":"A66m1ukcwITAFuCpMVGqQhZ4fYQcKhkhBs8VRNQUTEw="}},"j8PYlDnPDQS0sJpGnaS8qK4GwO9uWBxPAiQF2o4Xn5c=":{"valueMac":{"type":"Buffer","data":"uzAqLlLxHDGB+pP6KiHfGrlrqVG4XG86kxDVvprnCn0="}},"kNQYB8gr2my4gJwfzcAXwc+7E66gLhw1xKZ9UqSsbdo=":{"valueMac":{"type":"Buffer","data":"DzpiSXiOrqaJVvOWsBC+hsiAAabNqi852Xcwr/auk3s="}},"kQGOP3bJ5GRbogRw4ifti1Hr8sTbACa3D+vZkxTrkz0=":{"valueMac":{"type":"Buffer","data":"ZjGiajzpI1e2lEYGL+4pK3ppNLuuiYPBO5t71OR5t18="}},"kuF+uZBY92wy2RnzUGtcX+/mmyckYnLCRx21JLrZbis=":{"valueMac":{"type":"Buffer","data":"4IefYPVrpimDh6zHsBpB0ZRUw5uz/pFeAKURl0iIHa0="}},"k8ILCfd0Z9OjxYD9i4kj9/flkvAll5yjS0zMTB/Brx0=":{"valueMac":{"type":"Buffer","data":"5GHBYPv+1lIIZD2SC42E4R7gNyQS3P86XR3MMzXAWdA="}},"lKeZXmrBlF4IcUdRdFxyEDlPmMzm1fLSrCKgb/JbY0A=":{"valueMac":{"type":"Buffer","data":"qA1JXgYLZ/P2+/hXfe7X7gxtESsZGQYggt+9Lig+aN4="}},"lUsIykaQY7qDBoxT/ehuRs8PQM9rL86+r2cEAHKVGAk=":{"valueMac":{"type":"Buffer","data":"e8iXE9jAs9ooxAbsTO7uq00MDU6wYxktxvvKlBhv9qk="}},"leJU1dj16D9QE9MsgNeCyiqfM5u3hv0hj84YUBL1Ma0=":{"valueMac":{"type":"Buffer","data":"udQPGZpwfL74449G8zbcnQjWPddKi9vwx9hU8tU8Mlw="}},"leUSloHFNfNPVbIrdoE+MlIYXETIyyv2yuw+kaUm05c=":{"valueMac":{"type":"Buffer","data":"4CqjZPe4BeOtnUdnsd83bqE1NpsTI6pf02KUbazuRJk="}},"lhw3QwmWA8nIXxcmmCTPQy4IpXKItf3Rt7ZaB5rB9Vw=":{"valueMac":{"type":"Buffer","data":"Cr9aTzOM0tAi2rVkokaj3WarKcr1C7ijkeZO2ijRFkc="}},"ljQux66GgW476T2cnr+OWll/NZHRcU09qI2ijj/Xt94=":{"valueMac":{"type":"Buffer","data":"N5+hIDdJ9GD+V0XcnwmmrewEJZzK+XdFzL7c8dp8V0o="}},"lmzleihVSdSCKjC2rH2pOPTfZS7U28HbCpkue+A9yNg=":{"valueMac":{"type":"Buffer","data":"z90Mhcg1UfszZjc80OoiZ4hpDDLDY3XuWbUsGkS9Mhc="}},"loi9zbLUNqGiMUjYF4G7n2qDZiOXt3qGR2FM/1ezOeo=":{"valueMac":{"type":"Buffer","data":"v7zHppSbvbl0ptbnTLU3Q0jWVOZhnSfpHJwUom/hdFs="}},"luAC5WGGl1gGZRPkPDY4HuqZbw5HnpwSSMn8lWECYro=":{"valueMac":{"type":"Buffer","data":"cVW6UPTMrb6nqCG0lpWZMx46XAi/VzZi2NG6wC9qaD4="}},"lxwESLAS+RM/pkITtzKzfxUXEiqgCVVQtIiLzts65Js=":{"valueMac":{"type":"Buffer","data":"Onh9b5d+Hz1xgb/+6N4+1I+X19zAQVjWrwXz5P5kvN0="}},"lzkzbcOiU25yYcSzwmyrQ3aaAKw7YJDdrGDosScqWfE=":{"valueMac":{"type":"Buffer","data":"riL0U/obWyT4nQNh1NE3HimANyg/7DqDUr10SoKQIv8="}},"l2ZUcvnOi5wl4QOTwdsuvldAMV5IFs13Fcn82P4fWm0=":{"valueMac":{"type":"Buffer","data":"q51o11rbEDTBxW/zcL0adVQvhZIj4SHwLYNXDLKrVw0="}},"l4UfnED+b+mtnu2zcTKmzMQtFaAwyypgbeNq9G8s2CA=":{"valueMac":{"type":"Buffer","data":"tI5XEdzQd/yPa/Dh62MoN00oc/SUC7XfTh3CGEs2Vm8="}},"l6EFatz+wFPQF5IhMjSvXyagRzXHj53wWjkZx9Q2y+o=":{"valueMac":{"type":"Buffer","data":"um007TWnNSJuHHLzXIj81dG7OC6ddyAbVSJaLpReinc="}},"mCacWGFhwTm8tjcV3JBso8Gdkpnl7EgFjWgN8iJdbCw=":{"valueMac":{"type":"Buffer","data":"6KEIxXKBkae54uoU2S//j8eNxo3wuaCuyX4gP7c7xWk="}},"mHotSnCjjCgoGeg5N+Z2jkt27j1yJd5QhBei/q3utOE=":{"valueMac":{"type":"Buffer","data":"5WUsdlxg8SGoDF0rM303rrufVEoxxd0N8EjkQAuU0H4="}},"mKDArbviuXTN/Jy0RVpq0ZDPzW623lTbOxfIcakhCik=":{"valueMac":{"type":"Buffer","data":"5vwe2pz3lK9S1QbWQ6Uo9rQ0WpHKCclwsb7xza/DN6g="}},"mU/1Dq6xt9OdkvI9BZc6mymkRj+2kgDEY+hpm3Jo4F8=":{"valueMac":{"type":"Buffer","data":"rufUCB8yvFopqB9zJ4Mu/GnTFBFaejRCubdgm61K85Q="}},"mZAjVgiYKTn+WlddM77oUvFSnzovwTIjyzgLHSwRvLc=":{"valueMac":{"type":"Buffer","data":"hAjQYMnnYmtRmDgQYMDLEJbIXs6DtD84RvDnxIGsHX4="}},"moCWQC7hznVVXBhBaSyD1x6+cBvJ/AjFcXD8syYc8Z0=":{"valueMac":{"type":"Buffer","data":"dGWmxLpJXzn844WaCRTraMDmw5n9Ef7RQ8KaCtbKPcU="}},"mpMc25vtkQjdy5J+pjWMtSL3eq7Z+h/ELWMoi680uKQ=":{"valueMac":{"type":"Buffer","data":"7Xc/PnDk5K9HFuRhFW6Kxh5CB9V7uWZtN1Hsgmm9BJo="}},"mtqcYJnrXZIUYN5Ma6ZV/6MFV9zdqR53YMnhf7o3QSE=":{"valueMac":{"type":"Buffer","data":"v8YVB3tdmEue0IFhb5qExVvRANjQ4muUOBnTjtB1rU4="}},"m5CGRPocTnxAAWkW7fJ6LbqIGYf57XGbPKWE6LfO8DM=":{"valueMac":{"type":"Buffer","data":"AkGWBrDFKlesq/DyIuBB5EufJ3+0ESA/7zJU0pBtwNQ="}},"nfptVZ3gyjrZ/Looyajf4X42F3EHQlOT6rj0NSIgrTI=":{"valueMac":{"type":"Buffer","data":"Baz3q/ga7X+rMQI4BsoU07Un+Ga/PA/fAs7hl+qAkuM="}},"ni2u1Tc7obbcDOjuKc2bDKegSLEnsjUzKJN95DSquCk=":{"valueMac":{"type":"Buffer","data":"ideG01xRrK523c/BAuXK+vW6uxL87mJiicq2AFk03qc="}},"njCMaW/lf/JbJLW62V0wc6sorNJq+pQgcRYZq+bVkMU=":{"valueMac":{"type":"Buffer","data":"QJ/5PtoHxR8qRDvQSIU1XsMDhg5IXrYdgjs0FdiUeCg="}},"nqwZzEnGeseDs+Zo10ntkb136RGO2QGb3B5IngdVxSk=":{"valueMac":{"type":"Buffer","data":"BF1tJiRZ4E9n4My6ocOO4m0dsj3EPhcFQycbw9Qhr40="}},"n1sJt1xPCY8Qmi/yj5f3razZn48z4c2nT7MCPKWvccU=":{"valueMac":{"type":"Buffer","data":"9YSxSdMsX7jfyn1+8yUB+88Mt1ltU65gPsEflZFTsdw="}},"oD2AeLzoHvv1IBSDcgM5kKbjt2gatEayh/OMkIgVkiU=":{"valueMac":{"type":"Buffer","data":"xHE9LqfVD0qyoSW/804wZ1jiYvaxE39lARw1WXdhDps="}},"oKrwUJpO2ucpszJ/qZE8zQunTBj87CoSrTeRRtoUsrg=":{"valueMac":{"type":"Buffer","data":"/6NDKW5B+D2QfNA4+mvyW3s7JV/VL0j2CglVBAC3r3M="}},"oLZHIdndM18b3cHMJKY9hsyKptaPB6usIxuEKl9ITqc=":{"valueMac":{"type":"Buffer","data":"NaEzv0PgHTHMRa5OEp/2iBVZQmWSbF2X5ok/JLGBsug="}},"oRcMGTj8cJyWiCul2+PTLqAlWVOCBzToroaKekyakcA=":{"valueMac":{"type":"Buffer","data":"TYUR20KFvCeMeCNc+b0c7XmNzf8BYihwtvM8CRDkoOI="}},"obBn2jncCihrihTbXD/Jb7WbZh+0hhPcQZ+KTF6xoFs=":{"valueMac":{"type":"Buffer","data":"xY/YmNROKb7Wieo1WC46KoLa2EdsDOWK4le8CZeq7R0="}},"od39Ew2gnn+8EzY8+6MKmN9BLGHC6AtD1ilgqh29zRI=":{"valueMac":{"type":"Buffer","data":"g3swfUw3RciqCdmdo83IkWi/yRXxO58LgZTv18PbFAE="}},"oe32YqskNajXlg8VwVTxiNkMTZ8eb0/e9Va0rwRuf2A=":{"valueMac":{"type":"Buffer","data":"qUijqSozr4R4XxgBv1t7iXVWgWaXxWYXkucaZtaSjJI="}},"ohklOe+rJSniN4PPub1fY9TjQ+QXFgZqep916Hf3yoQ=":{"valueMac":{"type":"Buffer","data":"uWN2ZBmSR41BYC0gaJV66q7aKiU3UJobdgS0U5SXxMc="}},"o4I27KTU0oAzXR3OVcgxSr2zrFCE+goq7CfygcspI4M=":{"valueMac":{"type":"Buffer","data":"AD9oPRkLjPpRAZLQNjAFShbUaL3W+VtFn5BzjD46qMI="}},"o+LVJErZz2xoEHYAZAS3h9b/LwevihRkSwrsDpfcDIA=":{"valueMac":{"type":"Buffer","data":"YGYDfUWZGtoxuKQ+n0H0RBV/7ZSEY44R5z5JhrJOH1M="}},"o/dtpwoLldrIMV6Jhgm66FZSSVLq65UCh5qeaub/dIM=":{"valueMac":{"type":"Buffer","data":"gkzjLTvOqefFguj5xS/8tK0LvAyCpaUMCh+ZHDw+J2w="}},"pB2acY43VOhhUMAM3v51o9flmm0pDOcS9k4GOERKKgw=":{"valueMac":{"type":"Buffer","data":"lVMMD9mfm3fghu/np2w2rHyKInRkvCGzjxNM1W+UKx8="}},"pQKIJbY8yR8eSxa6wipMPI1OJhv3FJucoBJ8W9OCZ8s=":{"valueMac":{"type":"Buffer","data":"G7aMz4mfhkh0gGdoEHk4Tt/mFwUwsD3ZUWyhrqBVuBU="}},"pbbPq5ZA5PTuLYjF8fF7NbkSoYmxp3vETf341HA4rIQ=":{"valueMac":{"type":"Buffer","data":"KmgbYhyxAOIyimCNABMysyBAJp2B6HOzBgCRe/BKRz4="}},"pcT1wRE4PPsShFZ/hXWjLjObPSWAFOehBrmdEkpkpOQ=":{"valueMac":{"type":"Buffer","data":"fwPYuB7CbjpUj2FC3tDgMGte5McBwuiIAReindqU66A="}},"phFhHGz8r7QwRoBIcXdVBgr/B+YnTf83gi1A8JxuwWo=":{"valueMac":{"type":"Buffer","data":"8Rtvx1gzt/Q/Y+nH8RU7zPVm1BVGBw6K1cj9BzwEQ88="}},"pjvu3sGoWhxrkBNniTVLcUJEASO6hUmsKTcMyaIDC1U=":{"valueMac":{"type":"Buffer","data":"slEVXLpDMLo6WNN0txNdBpt+3Camuaaw1F777n5Qe8k="}},"pj23z5Qa9UNfIMunbtNa6aC5oiITZiKPjawCeV8T2Bs=":{"valueMac":{"type":"Buffer","data":"OSYtCXvzdBD/hmnl7PwZqFBrAejBkv9aYi/DStbc93o="}},"ps7ydruFGXxQojjrDqR22l1y9lBX3Mbto00JwtaWxFU=":{"valueMac":{"type":"Buffer","data":"aw9utnLfD08ZIv6SWALJGz/J1B4D7lrptglXs22NNk8="}},"pwZQnQmcROIlQTHNPG0bTR4VQ+YgekuIuTrNIiTVmcc=":{"valueMac":{"type":"Buffer","data":"esO0NcaFbwK+/by9En7P8ezBnw8VosO9wInc90B0ujU="}},"p05jL4I96v1KILpCKBZcENmcYLTXl/rfdYoHQd9tmwg=":{"valueMac":{"type":"Buffer","data":"GfiAWFS4DVNsgCHP73YLbkembYGTLZCuPUBu84jjSV4="}},"p6j9Hpe7Dsd/m9Ibw8/laBMw+aD9IDHWzq6/UV1w2ks=":{"valueMac":{"type":"Buffer","data":"KuBIFURebAjNHQRcaFN0hmOgwYN7BDgXrwwVLS7L4M4="}},"qEOZULpzktH/RQakcnhtqQrjjYVd2B5tELXukzymz60=":{"valueMac":{"type":"Buffer","data":"nH/frzfX2YT3tegYzvzJ26riaY3f6bYlB6xzim6BL2Y="}},"qFY38V64V7fBGmX+QGfZvP1SW64tw7f5E5PFNLuCqw8=":{"valueMac":{"type":"Buffer","data":"wbqzQ6I+omZjrgMW2zOgy/BukwKZj1UQbzxZiHgRjw4="}},"qNL1as+5WHaPQW5vHGAOt8GKTMzECtggXetqUp3yrMQ=":{"valueMac":{"type":"Buffer","data":"WkwvH7lKXu/lwcQNfUKbJG5IwPnfuAsRBX07YN+asyI="}},"qPUBfyz/H71xLQ1wB4RQORn/dFn2CyHG2BZak5GETvg=":{"valueMac":{"type":"Buffer","data":"yGP15pUBInXS4rWZRgzxisGIKgvGxzIWobfMyh99tjM="}},"qbH4A9hkBwaSBmzdgYqNKCcbRlknBnVthvf9EnZFOuw=":{"valueMac":{"type":"Buffer","data":"kahRpdisbNNA7+YxCifT+8DA8ZNp9Nxz15OJKm8yBsU="}},"qfOuVlwJ5Yl5D2f7x4QuDnScnglO35Maxz1tEpfV5pY=":{"valueMac":{"type":"Buffer","data":"WQskDnjqUH8svqKVTbW1Stx2aQWaaVJBFnngPyyjWE8="}},"qg49zDX/2l9L3Lz0ltCZvXjKWk7JygSAf37bT681Ul8=":{"valueMac":{"type":"Buffer","data":"jHUwkJOdHNDZbINSnK6OtddTT3u5ja1N1c7FZpM62Y8="}},"qiG9y53gE/ZVGaQnyNQBj+k2kTzC5tbpTUA1pEqKQRo=":{"valueMac":{"type":"Buffer","data":"lLzhvG0QWxzku3VY1odgyuFWR5l/M9zzoc1N3uAnva0="}},"q0lHS5b3YRYeK11Cb1GZus6sY7HCwPa2w1nv0eiHj4g=":{"valueMac":{"type":"Buffer","data":"gkm431ZQHZ+ZBiV1/2FWwkhz8tzNwHplKSkbq+gDPA4="}},"rEAsGHxFNX68wioY4Q6mGQ8b4M8h8lvkn6p8Eh/MAg0=":{"valueMac":{"type":"Buffer","data":"mPiVbfROk7ztWkrGGlRdHfzqRROF/r9GySlIhgLaeFc="}},"rGt5Qb0hiO39ITpEwklJFTifhwNHD/ziapqEktFNHU4=":{"valueMac":{"type":"Buffer","data":"xQoHqzSHh3H7EBRQyYvffmvisLfgxfLJuVcy1EqmYZU="}},"rHEmd4fld0sPkraRi3xLy2BnuM4qA+MZlSOszHc+iqo=":{"valueMac":{"type":"Buffer","data":"xfyC4qMISK044MfpQ2hzTMQBOk/aeMs/OlhmUZSalT4="}},"rN1YB8Rf4kNl/D09VQpA5hUtSuBUH/qJDo32FE0e3Vg=":{"valueMac":{"type":"Buffer","data":"f71gceI8Ocl2a8NlIc0UnWlfkX5RC2Ejl78+AzSdSlA="}},"rk/AUpWX+LCRvHPYjuEPIzrSE3elZPJ02ut+I3G/7zc=":{"valueMac":{"type":"Buffer","data":"QDFWE2czgZ6/AlXvefJTxXPoMQVcLsPXkGzS4m+M5lQ="}},"rnN2V5oN4WmnfreSn6Jpv+bGL2MGwjYTH7lE/NV/aew=":{"valueMac":{"type":"Buffer","data":"vJ4akd2E7Ho6CSU/fbXD5QHtSSckJLhaMHuO0wUr+GU="}},"rn5ymO07rKqGIe3eEwfeDc0uIsxeD0K4TrX6GyCcwgM=":{"valueMac":{"type":"Buffer","data":"9btJMP73WZg/Ju8omqPCV9sbNgJpBZ7vnhogtn/YqnE="}},"rxjmsi/rYomWxbfinAHeRIZ/NRz4poUe7K/FL1AxMxk=":{"valueMac":{"type":"Buffer","data":"/sebUUR1+nJXdeC+ry22tCpfwQnrqxZt3dCczkx7H+4="}},"sBhcZ8qGc3XBrDTAnbgk3jCYv2fcZiwwr44quQVlxys=":{"valueMac":{"type":"Buffer","data":"AcqesVf2RkaTBZdS7P7ENGCyfJkmBh4kP5FbUdshs1Q="}},"sDahs9gan9D+DEeNXiTOpIDyoapVcvy6VT3G8R5B4o8=":{"valueMac":{"type":"Buffer","data":"uTLX7k+/2QyUIPRhgK36cQDx0Shrg9xrBJR5cnoxhDA="}},"sgVSa4Qa0O8ZlR05mW4TBHmtO/IalIcLQFMFzD3nQCI=":{"valueMac":{"type":"Buffer","data":"+wy8PCGTssQBxkFzBWAftMyST454GfdrHXMsCcH86+k="}},"shihehOz7lcW0B3bCrxkasAnLETATwCOPKErNWbDHpI=":{"valueMac":{"type":"Buffer","data":"hpA0dMTCfiz0Qub5RmSUR0453KbgDJenQYJnL3laalI="}},"sjMtopLEkAMFv+bXBCcGtvsV3hQEVIks2i2JVHFyjVU=":{"valueMac":{"type":"Buffer","data":"4NtCU62JL1lukbobuGpwjr4GJmMNbrOJx93LguB/qHY="}},"srNsJwblT13t1IJrumy6i9gmxDT54lYcZUbus6o9L+0=":{"valueMac":{"type":"Buffer","data":"doYKHkYWEdBzsyHVxdNNPx74+jkzXhYW5Q4jPYZ1HJ8="}},"suH6Nb2SJmPPGkUCgOxQXfZWq2dOpZRDPDg0Z7USnQA=":{"valueMac":{"type":"Buffer","data":"8AXfra4m4uzKygAL8eKdNak+N9DUSr/6BYL5g6n9SNA="}},"syi+ypZniXri41EIMzwsUoT/7FNGlRDjJJIN/6BaLN4=":{"valueMac":{"type":"Buffer","data":"ci0LucTJbeGUE1dDULb2kL8yZXY7v1VA8Ic0Xk5ReUo="}},"s8UTzoRZtmP5vO2CsiMv8NlXzeU2m990R9VPmlgXDgA=":{"valueMac":{"type":"Buffer","data":"daF8zyefjY6vIGvtUd10mAb1VhtBsShxYCESRpQyHxk="}},"s8Uyos3g5tj7YjTgakuk87aKwvL2BnxjVB8zgXoV9m0=":{"valueMac":{"type":"Buffer","data":"cxiO6TUMMtnMwKE5l2K/JaIyd8UfPnLVjwbyz/YRzEs="}},"tEhI51KgioRwy6KViAnzy5ZQL79uBPBiJU+Mi++4dBY=":{"valueMac":{"type":"Buffer","data":"sse0hRA9Ffs/FQa6wegjy0kY676GFwMa4aGmeiYcB2c="}},"tbxXg+5+IjWWHuC1kpWDOd4UnPHBZgyIXJ2+1d3ttyA=":{"valueMac":{"type":"Buffer","data":"T7FslAWvfpPeVbCFwp45KFaVz4xCAyxxWKWkrGad0Xk="}},"tqlknQniBoaLMa4iMtPcWQQArEhTDow89DNKW09ocFo=":{"valueMac":{"type":"Buffer","data":"zPKj+gf86YL82aygoPvdf3y7isRM86z6Rys5PaQ92/4="}},"trOqmSSidebpcQDjDYLCtiCkEpUMJ4GpZr1PTTvuwTY=":{"valueMac":{"type":"Buffer","data":"hEt25PFer1Q/GCtbVREnAlgJ04ms5unABMLP3wCv4ws="}},"t3Jbe0t2mLDueO6e8qfui0e5V92IG87Dp5VlTS9s0Oo=":{"valueMac":{"type":"Buffer","data":"kVzfW3hmoSya+dhYNGZnjQw7ek1g/eKIz9m9aG39S+A="}},"t8zpXPRUMxT/YvCKHQdARju4e8DQcDmBkYqAkCOHBfg=":{"valueMac":{"type":"Buffer","data":"R9IqXSYBl8BHek2mIJSKBjRKt0Hpqes5w37IBZeWFX4="}},"t+oby2F/EiBRUp+Hsj0OthNRNjKQg1axbkD3q28jtE4=":{"valueMac":{"type":"Buffer","data":"OeMiILXu6S/6YaI59KArVYTOVB4hSJlo6ENMq0/EoHs="}},"uHZJLg9Sf+PoBZ0tfQ92/GPYxpDa71tZ9ypiUUXZSDE=":{"valueMac":{"type":"Buffer","data":"VGTMzoio3uTj4lZprf1JIE6knMlBoW//pjalW84QE8w="}},"uLpX4fKYKyfJ8GtcScC0TcEgnSZVo3I9ikpnxbkVxSw=":{"valueMac":{"type":"Buffer","data":"RkAp4z9szFsmIrXusF/nza+R2tuk1ESB4sal5fIwMug="}},"uPrrFmf1RO5zlpaaWd0q8gUFvLzGODtDrn8A5GlCP98=":{"valueMac":{"type":"Buffer","data":"7MyvHSa6CPXMf3tS8Ls7GpBogmht13aMr29pdbuO1Xg="}},"uUxxf4hGYH8MGtzNmZy0w+5rBUYWpXaVcIYi96lLPsg=":{"valueMac":{"type":"Buffer","data":"hk3F1TR/q2MBQE93hzpWVb17JVShPaCDYBVZsRQgx60="}},"uWTRp+HICXHNxGjgRMxjh0IzBAxrJ1xAR6RuubdJgAs=":{"valueMac":{"type":"Buffer","data":"HC2hFTYxxXKkOG4yhcH8x81kvfzCJjYEOOz+4lb0EMg="}},"uW3/wuBoTUCHLhun+R3hpzej4k5nRRe4of/uE/Yw3Og=":{"valueMac":{"type":"Buffer","data":"AI2M9p9rprSeBVnpB7uZU+xxzut0q6WDiEu2oPY3kN4="}},"uZ2FhnAssInRDIWmcwXIGvG9UNUjLNHBLrD3DUESZM8=":{"valueMac":{"type":"Buffer","data":"M4I/HzGke2kJZpGXRo6Ch5FIY7DMZCO5LSkUs+YGLFs="}},"ucUbX7XkpFUGMijF89ghUCUI2tx3E/JsSfmIpOjS68E=":{"valueMac":{"type":"Buffer","data":"E4gdjSfj8+ft1ZpUJs5/jxySwC2/umqILibYxq9OV0Q="}},"ugMMiOp3+8V2rvAdmBHmf+S0gti5+n8xz4M5tMIBWM0=":{"valueMac":{"type":"Buffer","data":"EaJvUIC4tGQh5hDZHuAF2/UivEzSuceH+NhsJaSYrlY="}},"ui3Mu3RjJ0P4rurgFAP/7zq7bsoedSDo1zVIhN1qR94=":{"valueMac":{"type":"Buffer","data":"B3U92/GjdPnrOik5ITx8TulNR2x+wScZSbcPaH2/jrw="}},"ujRyOiaieRY7diDsZVbHDK2u0GJRk0Ix15r2XNJsIYg=":{"valueMac":{"type":"Buffer","data":"rar55S9hPFUvHE7/DBNQiRC5vReduli06sW4KaM3L9c="}},"uuerr5tb/fwKe4GLikmYk5b6V3/gTx33Rx0S3urNygQ=":{"valueMac":{"type":"Buffer","data":"CwZE8qu92aD7+Ti8itGAnINGNJbT1e9O3/WELZTxGug="}},"uu8vKbA90AX/SAxT44cLk7tcp+iZywqgbEAYifJbApE=":{"valueMac":{"type":"Buffer","data":"i9+crPOZaaQnnB/DEmSvg7SBAwLTvSlc9tcLBX8yHXQ="}},"u1DIStK3q5cGbxr9fQyh9RAl/HL3iCNv4GNY3dIZ/sY=":{"valueMac":{"type":"Buffer","data":"aEN6KpCexmSjdmtcmYicWBwSxS2W/GMj594wK2cIh9A="}},"vG0SQaAnpiFjcdq4CYwMFNTzBJZCTHi7RTf8HFt/Og8=":{"valueMac":{"type":"Buffer","data":"PUOYLGYwV+XRfx+lqJieuWkOrv4BjIEpA/peDJAgjao="}},"vZXRu0YlHGsxT+2RQo4ZC9Z/DdwUdFaURnGh5psA5Ik=":{"valueMac":{"type":"Buffer","data":"x91Z16vrcgvKJn8BBmpR69xebGGitAmToo/aDNfFt2w="}},"vgwP9jrevzs2OBopI9R3dwSkyEAUfhXbVyf5KvuL/y4=":{"valueMac":{"type":"Buffer","data":"0xjyxZ84yE62Lf2v9g1CQ5aZu0y49OkkKZ4MrYlm1R0="}},"vmS/bFq0Ou+SWfhM4++pPEWK/AfwH3JFcQVl/guBPkI=":{"valueMac":{"type":"Buffer","data":"QqWqGWfD3TfSMVZS6jmQJsg/7/rV6jvMs6jwhBM9Ux4="}},"vnHX7hkd5DNDvC4eAtwBWANxSL7YKsILUFFcez3mV5Q=":{"valueMac":{"type":"Buffer","data":"JYdyVLKyZvyyJW8+JnCvqhhnE5wzPZTEgmLGz5S1vUQ="}},"voCMGG+J2dDqr7h91kbLoBTEttMxVwYg+B9rcKrX70Y=":{"valueMac":{"type":"Buffer","data":"lqq91KZSBkCOOUZPY5p2kYffEA/xOXZYT03VysunUg4="}},"vsLtsf+E6ZUYSqmsXNhheC8MMBsYvzdrqT5QGOXRQd4=":{"valueMac":{"type":"Buffer","data":"z0HU+fEtlItL8ry47PYl7AshlF/BSLh1arPHQoztjHc="}},"v2KgaEOrO1Wto7pTugoSRwn2pkz8LWCAJ1WeYU9QpAA=":{"valueMac":{"type":"Buffer","data":"pSDsu0v2xwZbx3kRZYAUeq0kPjJ/KMiX+y3+MVRCl98="}},"v38fPN2arVqcCNO+LDc8AJjOxVfP0aic3bfhrBA+AjU=":{"valueMac":{"type":"Buffer","data":"TjbktX9EMVc9bB8wo6rhGvEBFXdvIwbIPsdAOyQvzRk="}},"v8MLOsqgKFvYVsqdDFD2nc1dPpVfB5trbAxRnu3l7XI=":{"valueMac":{"type":"Buffer","data":"mAsw62yJ+Jq3XWytPh4DsPVl+2wI1WBZDG0d524e6yk="}},"v9L80S8Do4kTW3FBO9C//DdsUnOYhq8wekRZedTnMYE=":{"valueMac":{"type":"Buffer","data":"o1A9QhxhdBX3VuvxCo5Inc61uef4cNnxVBpXOmJokKE="}},"wB10hrLwDbIR3BDQn4UGOxHKoCUKIPZPC/DKMPPw+LE=":{"valueMac":{"type":"Buffer","data":"8+F0AOuXIJsh0GXjXZ6eSSGS5fQV4vfBQaZpEyiBVVU="}},"wFwsvdCZLJAWf0klnZ+uXt18c0lOrTFqkN7jHtxJ3A4=":{"valueMac":{"type":"Buffer","data":"XebfGydVCei8ne2VUUlEprkE1LZ1XoSS8vBAUmI2V4U="}},"wTfKGZtnDtbdfxE0ckdXVApwEcN18WmNV5oWyTLx5fI=":{"valueMac":{"type":"Buffer","data":"8VshOsXXbo3VusugjVKvw/U/Mdv5CJqjXFRIT6eYUAg="}},"wTig4M9hdZgbmeDdR3rLVSMrExX/cEYU9+UXnsdWDZY=":{"valueMac":{"type":"Buffer","data":"hzoJ5k3NVTwoz+jhgBnOYzE8KWSaecR3uKgsg2I85uY="}},"waAQs5FXazIMbFb7XGPkNE2yKJsrTBB7FYEev6K06zw=":{"valueMac":{"type":"Buffer","data":"qBO76eH3z7UIzCT/d2e/XuSJqoIp/iQdtoWi8vl9XxM="}},"wrQFHjcdYfhhQKL2sb9Z6AiJdqX6Zum7Ko25Xe4p/7k=":{"valueMac":{"type":"Buffer","data":"dhTMS2JgIyBwjY72yovrH11illmdNEm0bUo31z0HyRw="}},"wtg8MpSCKLqJOG9JibAo17YMEopTeuUnuugOkUHHrAc=":{"valueMac":{"type":"Buffer","data":"DBtCSygNa9LGoIT5D8lamZ1TylsJPM25DHVLgz3weC4="}},"wxRb6TURHeKYMU6f7P1dbzn8DCPt5m95zMlFeTjNsgU=":{"valueMac":{"type":"Buffer","data":"r55H6dnrXLCoLrddAfGa9NedIwHLAkQTdTUtAYU4Snc="}},"w0+sM5twMl5Ck/E0Ia53KYgs3exkYNTgb+hftoUU3/o=":{"valueMac":{"type":"Buffer","data":"uJKEMhcyezqvA64a/7dl15ae66nPH2MLMvlLI51J4Sg="}},"w3VTCy9ASjwLPEbKfL25epD8MqDlOmq5Os+pIq29TG4=":{"valueMac":{"type":"Buffer","data":"BJqfHopyrU4mlrdtPDGX4jTNxIeDuMFMZFtjfLYQtCU="}},"w+FineNXEiE6wW7WxxTL/zP7eqx1yMwEuUEaCqJN6tQ=":{"valueMac":{"type":"Buffer","data":"RnXDscYk8T0yi/vwNW8Y4ReYRB1KeE9yLA/xEv6Ibts="}},"xI0CXq3DRFs+dAyinWb0km6zCNiq8rKvJPWiacvMdkQ=":{"valueMac":{"type":"Buffer","data":"SpZAzCxg/b0+aUKfnJophfJxucoDw8Nc0ymDJQ0QxSE="}},"xXPa25JTuvTgCAu25mmYLj5O1mMDTJAopwyr+FNR194=":{"valueMac":{"type":"Buffer","data":"JZ+LUeMWamdJQ4RT+Dg4mbLDLUhtNpJQAPoMNpYDDvM="}},"xsxBwzuEdzZvpmWpDl6jSpCvcTpXGpFZ5/RzWFplIys=":{"valueMac":{"type":"Buffer","data":"AGDuqVcUlTgC+k9zVhxVZwg+f2b+2PXkPkik9VOWYYU="}},"xt8NI2OawARiJB9Xkv2OHe+B9PUMYBaOKyPN/Bj7lR4=":{"valueMac":{"type":"Buffer","data":"UdaykZ27233jki4nMnUIMHkzUzBO81LFNVw1zDllmzI="}},"x4jg4Ap7j5//CxWxnfhGDebCieGJvcBmkFmSWlJRyrw=":{"valueMac":{"type":"Buffer","data":"plKAPmZ/VwcI91n6oC/Tw1hoQxgnmxY/Zgn2qylKst4="}},"x8ca58eWq9umd1SxclQSf3TGNY/SAYrWCDWNvwtoiaI=":{"valueMac":{"type":"Buffer","data":"T+Rr1Qqs+SLytq3R+yAn41CJBdjuTSgW/9j9ZPa3bTo="}},"yD4hYz3zzQlv8RvZmR8BL25M62JEAywR9pdvSv9LJ2M=":{"valueMac":{"type":"Buffer","data":"BDA2nRAnGp4hNFBTdRtV/8L90ZMvdP5ko8pt/RFfOUw="}},"yD7zG8FqcNHc49qMOZ8K+wbYP9upQi8+9R4T4ftiD88=":{"valueMac":{"type":"Buffer","data":"oGIMHQ21BNzaOc3YqkserwSLz42JY5cq3aK1augQXMY="}},"yEPSKMLHjpJfHcZjULNdnu9zyyF2kQAmCeccab5rrSg=":{"valueMac":{"type":"Buffer","data":"JOxnUXUYZwO/UG7VxL6fJXMt4phQqQh0ESaYgCPUICc="}},"yWtwV5KnhgYKiGip228VuJ1tQK2o+7uRZVsiqQ2LNfo=":{"valueMac":{"type":"Buffer","data":"H/KlcokVK8Zh6fDntX+SskiBOnDOlQx9BsMsqVT4kbg="}},"yqkdoyEwgTjlW0MVcFcykTVU8dSHrwl1ElRgEcvPWFo=":{"valueMac":{"type":"Buffer","data":"Bi5DYfrjdptdOHRVS5epx8SbhH1EuWnejn6mvuwptYA="}},"yuRnGYnWoGXphP4QqBrxz6xAy+Y5Z+fm+IeGRMBeij4=":{"valueMac":{"type":"Buffer","data":"qxeilAi2/iUJIo/bddwQ57/rxT7U5+GLj/dTQcQepFQ="}},"yxamZK3VuigD8CP19R38yfLeb/7ZhKROyD4YMsDvltk=":{"valueMac":{"type":"Buffer","data":"4CEeOdtH1NnlpghrhKcHv3Ik+hxU7QxpVQEKbyNngp8="}},"zDERRTK9FpQ1ZOAC3VPUCk1EjN9+nMmQ6It0r2jGWDM=":{"valueMac":{"type":"Buffer","data":"gwVYeQbNkE+M++EIvLxglKK2GFTw6wP2q6IlBMeFKX8="}},"zRF7NorigKVz6RL53S+QGMqAAtPGWHfiCiWwr871OAY=":{"valueMac":{"type":"Buffer","data":"6+mD64veI5R8P1KqLlY9KEk0phH16XJZVxo0sxFc8XE="}},"zTKpQtjlgFubxphqWjAcWg3DtKVo9RMO6UC8jZWoUJo=":{"valueMac":{"type":"Buffer","data":"diMIfa86QZp8YEBRYdtpKhWsAH3Thgqm86bxZl0ksQg="}},"zVF6SM6nguEIKro5ZI1rFWtPsuw04Cb+XPFT+aiJew0=":{"valueMac":{"type":"Buffer","data":"xd7IdzFcpRlJTEg7dd0/0/PzzNlKHFK6OuEFWUX7LjQ="}},"zd/7TaaiHMt5EMXdiNWzmpV+AUDKmRhCJP7eEsgyrg4=":{"valueMac":{"type":"Buffer","data":"MpEV4SGDA+ky2mQpfXGQz4P+zljpjpWGD5aFCrx/js0="}},"zmlBiIHhA5cTUhaY1dYO7oHCpRdz4LhZMQwtE1/j/k4=":{"valueMac":{"type":"Buffer","data":"CAExxi/VQqR95KwnOnJEj+OMLilpdsQAls1J0niS6Mg="}},"zoKxFgYy69bqLDeDnL8qIPoDMgCYfD8pFN+yoV15xaM=":{"valueMac":{"type":"Buffer","data":"OgnY38aSn+WyomFT99WiEIF+OL1tvnrrY//rQ4Ua12k="}},"zsNcS0n2WVR6FJ5mLexojMZt9c5WZeYzSJdLh9edUzo=":{"valueMac":{"type":"Buffer","data":"5+hIAyREecHe/7DvSvk1kRZSai1UcCcLEMhYN4/y8qg="}},"ztXaumMJeT4HuP5r7EcFEHKcE6Rc69OG0tZUw+Jn1XA=":{"valueMac":{"type":"Buffer","data":"BVJrZFcBIalHisp3j/t4tE51UsYethw/ERX40jqnKQ0="}},"z3PaSo4koUl/14gGrzZkzVwVLHDpjet7Prk1mR1CN5A=":{"valueMac":{"type":"Buffer","data":"CDC2Vov/U4t+aL12B1LHzUqE5NoCnp4KklUQhC6qido="}},"0DAZktYEc/q11A0Mf3Xon6iVMfJBYMFobL9E3A1bsQs=":{"valueMac":{"type":"Buffer","data":"m3v390dEc/zCLM7DzWtE9CI0h4A8sKYerXTZJFXprVI="}},"0IfkDmY0dCmbfpj4uQ7PAzA6lkzNT2h9d0GG9moHiPU=":{"valueMac":{"type":"Buffer","data":"+xfjZpEhw5HqoBMUupkWCDbUbGVbz+QsL8qs88TYtaU="}},"0VLfRU/j6PLM+tlkl4wO6O9yYFKQS8ULhET+ZZkvrJM=":{"valueMac":{"type":"Buffer","data":"WFLhNpFNgQuBP9ZL5INIUWRxSQMvCwLglgBC4khhdVs="}},"0V8H7huM6u5kVhi967EhDcibHzfkJwvUQArDtr70xZM=":{"valueMac":{"type":"Buffer","data":"JCSjx61nsCCWrbs5Uc94PapmyUS7N6z4AvdtfYAvOxE="}},"0qZQjqxCRLs4sFsYeB39XQppJzeRC+xep72WWAfoVpU=":{"valueMac":{"type":"Buffer","data":"ckx3g2WlT01jGA1LhAZxYef/QdGV6Q0+EUn6OBMRlGU="}},"0ynhNsb2iwnJFb9UmLPv34LdHAzJQ2HZ2htNfe0dgAE=":{"valueMac":{"type":"Buffer","data":"G+TXtqdBEloQkQO6zf0lrDSfr2ZjHxwR2upKo/h0CGQ="}},"05W0dyFM2XHbz4vIZ7wQrwqefL7udA1hKL4inya3ueI=":{"valueMac":{"type":"Buffer","data":"c6AIJyhHewtTgBIij9RyVsUFV9Vcj2g2GdUVfBHgDsQ="}},"1Egva6a5f3dLDw7gAQElza1jy5vkbl9ne3PZvgr3j2w=":{"valueMac":{"type":"Buffer","data":"tEMIwjVHy6PDWwIl9krEFalDqtzXKcokFNFiMGn8PcA="}},"1OkWaLNw3vSZilXGdUvj5dfiG3J8vP9SENdam7s7+sk=":{"valueMac":{"type":"Buffer","data":"3CbOXXILrDOPIEpCiDUe3xqrPmALVJ8sR+XZk3LvCDo="}},"1R1y3JdrLWYzGLMRr7n42shWS6i+JlmGFb2Wh4IZO+8=":{"valueMac":{"type":"Buffer","data":"mpXC5FDpP5vEYOPwrM4C2aiTf17ggLbeLUnkdXHT54Y="}},"1S1O3GJZ2B4u2da9lKSfkHTYXIBAuEbSG6eFxpPDH6M=":{"valueMac":{"type":"Buffer","data":"v7CWFOAqWnk2g6klVO7R1aF5/gNFblqYNCidNe9J5AU="}},"1bUcPr48bRSB+xbHfrYEga6fePo0LJwFF6z8Wi+o7Fc=":{"valueMac":{"type":"Buffer","data":"GlN1TEL5u6GNbsbpZVNsxvDFb8+OjOTSKKylN9iEfPk="}},"1iRGzguX3FDuqJ1KE3BJMVcQhscrwfAKEFTUEIZL85E=":{"valueMac":{"type":"Buffer","data":"4bfweUx0nVB/FF5kGE+l+w+0pr/gg5iDrbkQNIKf3Ew="}},"1jlJVZ1ICRvpRVh0O0MrUvyHiDKCCGLR65kh4xbCbAI=":{"valueMac":{"type":"Buffer","data":"4/QkzZy/P1sCXZ7vp4Cd7pgEPmcazWQR/2Z4Q1XQIcE="}},"1n8G99sDFIRNKFzXNMomz9UV6zKuotqjcTiVYLwnBZo=":{"valueMac":{"type":"Buffer","data":"fXFwZQI/owcju9Cgv4DEYYBViEzzwOguRau0i0JBbNM="}},"1tipu9Xvn/couKdhbtoLzPqCo3VmwIolq+wl373+c0I=":{"valueMac":{"type":"Buffer","data":"SpQlhCWbM1wQy+f561K3iaQ2axdWZz3REDNmtoVESfE="}},"1xu+XkPBb+UfFhzSV7+Vooo2B6A5IYqQbRbGdBcZ+00=":{"valueMac":{"type":"Buffer","data":"3RVyio+YS0wEOVQhlJjc9iEZ+kg7d6MXY7d9tXLIOfo="}},"12UHHvu99eCTvCD293k1UQ5VXd8naQy7w0aisgEpfNk=":{"valueMac":{"type":"Buffer","data":"EBrgiE53mTjZvcBxtPhadAIBBY1YOKJ7D4Zmp+D2dEQ="}},"1/xL5Gx9oG2F4YflPsTyfa+IG36XsoX0wMuFBpq1nDk=":{"valueMac":{"type":"Buffer","data":"Uhd0DHzKYHCaQWMkDGYjoMkL+0YMnzP61KRTRgPsmDw="}},"2DlhxXn5wueFHN5NjBen/naTvoawy60eDbSZknwScb4=":{"valueMac":{"type":"Buffer","data":"esgOL9hKRXbMuD3loBOiva5TY16Dz98IJu3MiOSnnKM="}},"2HxHId2N7N/juV09pqEdWlzu2qBqLA85vjND2Dz2VA8=":{"valueMac":{"type":"Buffer","data":"wA8rVt+7HbLjKA4Y4HzP8SEEvQAu/khDU0srRPEaxB0="}},"2L2WicmEHoy8Kqr0dLUcYginC1TwrFaO7txXIBpZKM0=":{"valueMac":{"type":"Buffer","data":"RK2BBG9h7zs1J7fvWND3fxtLawN7klRN9aH69OiKhhE="}},"2XkCaqo8WA1U741lhNylCEMwWldYY6z0H+0OH+58OxE=":{"valueMac":{"type":"Buffer","data":"iXC8JC7Pv+kire02T+muRux4prKDNSzFo7SYx8PF3LU="}},"2g9wrXc/1nP3sOh6K/sMGp4mmqpYz/eycRj9FU1C/G4=":{"valueMac":{"type":"Buffer","data":"Xzc1CR4qerAqm28lq0eyIzvyQ5dcH66kzVGps5TILG4="}},"2jQjNkuWmJM83xZ/wn8vhaNNZs1DhY+6GrQbLNh31Ww=":{"valueMac":{"type":"Buffer","data":"ar3Uy/inTZyvqjBmawFjDPYCQBUdUbySh1WoeTugGs0="}},"2kACxUw+fNpEb+MMPh6ZkECZbOFkvfFJndMJV+zYkFE=":{"valueMac":{"type":"Buffer","data":"m5w6QoSbVPu1+Tj2kNbdqyqqGBxuOKMOrXzvwO1K008="}},"2pakhbY3thg2RxJSsS3uAXXclNBgREliKlYidlNfehs=":{"valueMac":{"type":"Buffer","data":"Z43p7pzoZcpvcyAFnCfbVTbPrlzCfGfBXFvi84YVdZM="}},"2qjL20yFlXTj0SuJA+NvMDK0cCVNYfh1Tsnc799dz48=":{"valueMac":{"type":"Buffer","data":"5B+iQ0FPfxlNjATdvsik0h14pc60zeajRHn6BbZAwjQ="}},"2raj/Wc1bEXy7k4unx0sezoiUeBGMA46caHPxeKh15s=":{"valueMac":{"type":"Buffer","data":"6ApRvE8spujE46/spUmXQUo+aNI9NJjO1cEkYmBreKQ="}},"2rqrKW51yk4wNAPFCjo08RPXkH1g4PBHf6aw/BVW/us=":{"valueMac":{"type":"Buffer","data":"Mk1DPJUUq/GXrOPDMs6Z4LVOQySPCdrMXlDiIi9Yj18="}},"2tTOHY0aVFvnO0raX/+c2aJsS2/Nx0NHWruO72D3zgI=":{"valueMac":{"type":"Buffer","data":"NzZObMEl66CL6NVsXdEJTFptOb8PKwzL4j8bJfOoNhU="}},"2tz1QEDQ9o71eHnyDPXXBbrZ98rioW9LOdXu5oPPomA=":{"valueMac":{"type":"Buffer","data":"87gdmnJMhG3q6FltGLaBP9DZHbTMmXf99gI0HLwoAfQ="}},"243G2HqbNnlVg5Tl32a0GP8ubpteUxNXgA+F0P7ZbgA=":{"valueMac":{"type":"Buffer","data":"mz7vemAu7M5pL2zFg9K2XFfQQreNNvodTyzi4PMjqu4="}},"25fLpy8QV5eJjfaKtykPGlHJRMgJrt/BIXh0Cc2LbMA=":{"valueMac":{"type":"Buffer","data":"QtsyV63V8wsA8WouC2IzBCRuYJUyhOEDHyIlN0DvMtg="}},"29YuHKfFzrQtpKjrONlciWYfM8VRJ9c8D+QaQgoqGII=":{"valueMac":{"type":"Buffer","data":"AYT1h2mH94qm820RgbtD8XcQ3YmEDvdeqsGyv7Lq/+g="}},"3CLr+mRHIoCPPF0PDoWJmqj/og/vjZvMrft0buDmhvA=":{"valueMac":{"type":"Buffer","data":"bTCy7Scg3zeFJtHdDiN5BV1MKdzy1z7y5ngpyWoZBB8="}},"3F2puNyc1KFf1KXMmFpqyLJptkQGz+Nae8aXWfcaEVw=":{"valueMac":{"type":"Buffer","data":"3cXZeVzechnSuP3fJF0FiXIteezS39IIMeU97iCx1a0="}},"3HuVDzlHIJG0F2HeboFafo+YJzjyQPSUYH1LZQgabY4=":{"valueMac":{"type":"Buffer","data":"yZ8nQoYNDXClMRRlekvt3agqU5pkfQGhCF4pZyeS2wY="}},"3hWkNlzuKA4S/Eeh6b2eVk1p4s6gSp5C6Bg0kSdxDKM=":{"valueMac":{"type":"Buffer","data":"wvQZie3mGia3sZsOTWpv15wcyXDuRR1fcZYrVhLG0AQ="}},"3iE8Le5Eyi0tdtHri+qtw5cY1BpAZKhx14hPE5srI3s=":{"valueMac":{"type":"Buffer","data":"R0juM4WvVY814cxt+Y8jOOxB8J+14fzojg30wKxH/bU="}},"3ir9zMQrdt132bni0PNzsQ6cZSStxexeB43eVfiXaWg=":{"valueMac":{"type":"Buffer","data":"VuDEaMxKgrBW0PNXLCcI9KKV2dcqEQH7M53zO5f3KqE="}},"3pDA3BJOaSgmvqPsWUgcAwBBglAB0T7cZ3kgmsm/ifw=":{"valueMac":{"type":"Buffer","data":"DadgIrRKzc8tAu1mG9opdLQNNuZ0blY6pyvJTTqhLcs="}},"3qf3rtYCJQcyW/C3EEd6OT+Rrj5VQa8H8UQIN8CLKpo=":{"valueMac":{"type":"Buffer","data":"Kp9gg0TgjzB9TyzKJ7PeQetonnlSgbbzAtqXapHZjxw="}},"4Eq9TVzbc9Eqgu8dlk9uNpURK0QpncPfuLEARrt4c74=":{"valueMac":{"type":"Buffer","data":"MdX0tKDVtsT/YMlSwZyRzXcbXuG0e0G6jJr/xA72IZY="}},"4IYSe3/q3nsyD9W7jmjsHWiTBoWojtu46mNzf2uQAUE=":{"valueMac":{"type":"Buffer","data":"nbdik/xvGmiA7sCj5uvnFH5APxhCnX88GUtxM6apERA="}},"4PRRU/PAnNH8wgQ3AYmFmIvKAB33aNn0Uwnf4uOF7IA=":{"valueMac":{"type":"Buffer","data":"iMCWZ/dRZ0DGZQ73wvA4WRsHUVi2LYLJ5R3CEj9D8wQ="}},"4jYV2UWuNPavazvcGl2FNQqJyabUZaKUhsk5VqD9pnY=":{"valueMac":{"type":"Buffer","data":"wMO4Jr5oNWQ+almoMY24yZ8TiT2hq1rrPgYUD+GzDo8="}},"4yE8j+B5sKtUug8UVHgJecMOdfWjIbIbKeyXCyZ8D+E=":{"valueMac":{"type":"Buffer","data":"/cPZeDE7OqIwcuo5PjKXEyoXTV3CIvXQFva0LftTucQ="}},"41XZX2iFvhb2MACejVs32pDRKsdXb4FgJ8k/OJs46HQ=":{"valueMac":{"type":"Buffer","data":"IrZJr30+dVap/RnEP9q3ZMLgGD2H+ayrjH9EItCdwGg="}},"43i94wHqp7hz+9oY8CGsR+P5Jzcl5KqWApqgmT/Ljts=":{"valueMac":{"type":"Buffer","data":"PoqQ4afvH5gqdoCroooXctAm5PxPwHzXlsmgHf06rTY="}},"5GsKRBBj1PsShaHL8ujGwN1BVicMTVkSmtazFlOs4rw=":{"valueMac":{"type":"Buffer","data":"bhd3OR+KNqsORI/ahsXzartZCYphOen/MloQt6L1bTQ="}},"5Kzk2TUCGItQKNm4ks0HJSKI1ryDgcBwyVYAI14edhA=":{"valueMac":{"type":"Buffer","data":"CZKbgXDSOlu4uuCeHhsE/FMD16mEHZ950101WLBYDbE="}},"5P+qdJAQG2uQhrhTw9JjjRWHh8tQT4XtTMQPb0C5XM0=":{"valueMac":{"type":"Buffer","data":"KqYrtU/Z76bBAxkW5WXrwBajkN/ug5/TEfwMO0C4v+w="}},"5TBVBXe80ZyYg245Cj6ZxiF24GbRgi/mgECCnozjde8=":{"valueMac":{"type":"Buffer","data":"0OkqECpqxzsrqlsQ/Gl5PnvOjks8mofiZNXSlOuUwLA="}},"5W8oYNNZvWMv6UhAC+9c/olUqBPSloaTBdzAFRcHNJk=":{"valueMac":{"type":"Buffer","data":"DGqTeN+/yuHlys1fr5jLKVDHdBTAN33bLwyD0rCOMcA="}},"5oPRoLcc6peeqy6gdqAhQq/lnakVYKgg6OluJvsoDC4=":{"valueMac":{"type":"Buffer","data":"caGQW8evvGgX9pNQQ+qc+RMLJy7jHOCRUl+Z3LchgU4="}},"5rmbWGuHU+US/LqHb1KGbJ7tO197ZupKnv6FVKHY4ao=":{"valueMac":{"type":"Buffer","data":"Q9i03Hs9xWFmdQbeMXxVRr1oO4XbT9iCkp1mWwzIfB8="}},"5y3/hh/p9/JAdR4cJ72zVKxAwOxjk04MNZ8ixHfS0qI=":{"valueMac":{"type":"Buffer","data":"qWQbmnIAsd5cgjqsdxPDVfIG/xxjKDmVEDESFmWqouU="}},"5+nCouyhABDjXMdA9nXK3xX8MN1Zs3TGs7ICFuNwO2E=":{"valueMac":{"type":"Buffer","data":"mXPJWw3Nrloo0kVKIPP8e6fFRJhOoLehaEfJIyJzLNM="}},"6D8LwcWioYj9lWgRTeMDpSFDP67H6xtRkTFrFstJ9es=":{"valueMac":{"type":"Buffer","data":"VVVqvwjvxrPWYGvnu3K80+I4f2/XL7dKrswhJPuCqFs="}},"6UlJ8cyX1WDTy+0hjwqyyJQlEzQ6EwMEmizE0LlzCEU=":{"valueMac":{"type":"Buffer","data":"RmBQOHeSe3LcFezAlVoPsXD9Tks5fVTdizWPrvd2ZRE="}},"6VKsAYNvkGzhon3ogO+NyDesWXZpqi/UvvpS4eedly8=":{"valueMac":{"type":"Buffer","data":"ecvQ9nvZ+DcjouqHUjLrQ0TNOl0YVkYueL6aSG0Uju4="}},"6hh4eteQfoQZlCF9Rcwgx1Y2C/GE/UMpXBx+o0vKzqM=":{"valueMac":{"type":"Buffer","data":"Y9LDcBkdxpJdgvo3M5dNitkLqrfQUIRgQVXs4SBeznY="}},"6nepsGwGaqCAmGDqSVksWFbRJajAvXw5ODDr4AsSlwM=":{"valueMac":{"type":"Buffer","data":"rLaN8D0f9ahD3A4G8gG9FRLJGsQNON6CG24D/lDFhLk="}},"6qhNICJ1Jo67RhCKtZ4HIwi7IeqXHkU0H55ddiGjWnw=":{"valueMac":{"type":"Buffer","data":"Pp4vwoxOBsCD5Q5ONO8mnBx0B/qIMWxtuUXJrgUZ0QI="}},"6uKe4Lw+k2WEv/rkf/zje18azIqzkvsCGaHogq0HV/4=":{"valueMac":{"type":"Buffer","data":"9lojkyphy51qKBxssx8CqAPIYX/4CYDr9O4Fuy+t/TA="}},"619soqTDow/S2yaVBrEcz9S9jzWHpWYFwDOsznmyjUQ=":{"valueMac":{"type":"Buffer","data":"kCarlspPeGLyQWoXIcZerEPLBoVXqEWa5ZAmPu9fds8="}},"66DZr4wfdtCvSzvsQJFa0UR4OBsQ6k8pdzBCEflT+7Y=":{"valueMac":{"type":"Buffer","data":"9YnICrMVHk2Pfj/1M4NlAd2S1qF7wECnLxPZq5kwJ+k="}},"67iKYq28FFVLegowmmDXgs3gQQSXvvBXpuTQ76Y5Suk=":{"valueMac":{"type":"Buffer","data":"06gae82o/Ili+d/fIMS9o5ncUg0nP7jx+t0a6wI5EFU="}},"68PwemB+Mh9iUdUeoo5iG8QE/NoYuRwnDBr3FMuEx6c=":{"valueMac":{"type":"Buffer","data":"7UflUid0xhGpavYfXxokYeDpFGS2cxU5DpXmLBVlUL4="}},"69ccNHonL27NX29IZ13PMs9r25zJ3asc3kDOPheure4=":{"valueMac":{"type":"Buffer","data":"63mC3CAo/N+DdFi7tAYkF3a4xkxmO+n0rwEW9BiwZO8="}},"695PmeUt6bM9UP9fJTUWl11H7QpSuyqPhr9csNfw4dI=":{"valueMac":{"type":"Buffer","data":"Cg0KUFHMFY2zApligjxu4ByKzliaWNfdr7JA/RXAO7Y="}},"7EAly+cv62u1GdWO2KkAdkVTi5Jlv4z70E68Zaomyek=":{"valueMac":{"type":"Buffer","data":"bRnyqnp6Rbh7526RsWuW45T2eHauutuaQll6afIA6mQ="}},"7G07PQaDWMeRGCkuxpapNLgtDcQ3eeaKGX2f8RxyXRg=":{"valueMac":{"type":"Buffer","data":"9HHyqyuE5UiH5vJzckk8t+9Ee2+VG08ElkXIYLwblXk="}},"7O8RXl4EkEJgdwFeeBNsDxNXcDtlvzxBnfSu+juCsa4=":{"valueMac":{"type":"Buffer","data":"FMFXTs5pi9viielRgrQnWTFMwplCDGVlTRLN1bMEW2w="}},"7XKIsNYw4ki6IWk4gOygqcbkXijtd+xMICtISky5b8w=":{"valueMac":{"type":"Buffer","data":"H2LEOXZuvdGPedqfp78D8YIKxESIwK8g/kO700TxAvY="}},"7cJ+CG0oAwjQvgCJwFwCphy4Rae4wFfF6JbGnUvJ4mo=":{"valueMac":{"type":"Buffer","data":"GUmtzCbha8EOabxIfdOSLBRtrL4zSmA/MeOaUOjjEbA="}},"7nuXtqNyVMqkt5rOK4Xz6VmY+hoiHCDvopx7nKS5bQE=":{"valueMac":{"type":"Buffer","data":"uJiNSOV3/j5HU+cWX/LhrCQGeGUjd7O0BzyBumZDzzY="}},"7q3pe07tXpEXbnp21CDTzPodAgfBRkAR5re6LsdES10=":{"valueMac":{"type":"Buffer","data":"QAcgXO56pybPAzfMssEWIn+ztKJK8yXqDAQbVcx1igk="}},"70i8Jmx4kr92om6+GqihTOLCsohtCL/TlcnhRGoY/jQ=":{"valueMac":{"type":"Buffer","data":"iEzWp8uhdWmLlj8fYJwU5eTietirV3QyE6M9x0X2qDs="}},"77mJEy2rZghfuKRLD71jVakasY+5QbOcZgRs6JWXoGI=":{"valueMac":{"type":"Buffer","data":"0RufT456hQmnoaBn8kdtuCzIXytPT76rVwm2w5QC79A="}},"7/TBM+o4ANhmguEbhEJzTh+2tGwJBBON5ZuObi3D160=":{"valueMac":{"type":"Buffer","data":"tnsHsyhnHOeM49HWGvW8F9MYKu/jexpPXrNyquNos9o="}},"8IHMGAom6Y4TXTaQCZJM0RIDWqdh3piu8mFmlBlbANU=":{"valueMac":{"type":"Buffer","data":"NWQ4r42OsQUPEF8y63x+WrW1DeBs/uoF2pt3hM3z9uo="}},"8OEHmgukboP2dMiFS5s8jh0f810Mq/QjzRQHO1pvUH0=":{"valueMac":{"type":"Buffer","data":"Vl4SN4v78iJ8/q7Cl9/oVmyXLk6P7clm1K0nDo4+wAg="}},"8VbfmYWlrt1RUx80M/q2vKdZp9C72oUFNXus5PQlF5A=":{"valueMac":{"type":"Buffer","data":"Da8P7q3vLvDdtTAeZ3dVvvdXjkwXv9x1WAw1IPEhAhI="}},"8gCPjHx5jZySBwlvTnGi65WkVy9EXI74nDOb6M//5TA=":{"valueMac":{"type":"Buffer","data":"SHzz51jQHA+6KbB3DI3Lw52ySdeNQKNi/14pc0DTG6c="}},"8hhCau3UEehQqN82tPj01KRT0BXRKBZIoumeLyQqzUk=":{"valueMac":{"type":"Buffer","data":"qRe/wFSwBCviCNqlp59v+6RrCKYVKiEqORszNIAPrGI="}},"8ksD71rVcu3fpscPv3R0YaHi2FnEPPlt1v2fgsY1lS0=":{"valueMac":{"type":"Buffer","data":"g1fg1+lgluOD43t7HYirYNDpswwA81LDb/tJXMMwEdw="}},"8tQEfJb/hqdbGqslYNOxX8M512bQSV7Ki5/uvlHA2pQ=":{"valueMac":{"type":"Buffer","data":"63vupPWaC3n2nKQKN4ZbLXlVtH4G7x7CzBE34hsQYZY="}},"8/zRXyNna8kVs/ZehPdP/CYKu9j1ULaOQ3sKBb7v3bY=":{"valueMac":{"type":"Buffer","data":"WSrFoJ9klQtEyoPfosYoshNQIByvWfTDzhknjurRWyU="}},"9b5lXe6MIijEfh3tw/YlNLz1Tby+KU3ih5cBWWmdgLw=":{"valueMac":{"type":"Buffer","data":"uDGEj2R70C6qZUTS8lurRlwWgHTEc9d2aZ2hUk2puso="}},"9jPhAnI92EAutFLoD2dMCjJQKb8YFDU25Nk6aS8m5TI=":{"valueMac":{"type":"Buffer","data":"FoobOvjv74aKyH/7trD/8ZdvNzrYaAHdf55YGy2wEOs="}},"91eozG5O1651kxvs9slu2qEFMeCxZv9TJULKYEBykrM=":{"valueMac":{"type":"Buffer","data":"YAjYGY26njl8CLUdqdTVFaqLZlh4ea3CMvnrcKJ2afM="}},"94pyIHRYGk6ho1z5jhtrSamPoyUkBspNKwQFgzUB8eM=":{"valueMac":{"type":"Buffer","data":"7FZj6pRvX/hsvU+YZpsXW6KXKcd3tFdgSeYnPqSEtvE="}},"+G7skJAQpQOThvv/rnWXHGiLKG6mJjqM34bNfXww7lI=":{"valueMac":{"type":"Buffer","data":"OeesrIP6j/TFZXUKKa8fXy/hgVDWBvLr4chE5/zioYs="}},"+aGwv5kL1BdXVcBQrv+1Fvd+DVkBY2HGeexzXp4o2hw=":{"valueMac":{"type":"Buffer","data":"TWvyVbHaSg5ykOkiCp8DT8pS+45j7WtuyVSryQCZV8M="}},"+hXCpiYaSniytv6vgj7yUF2CjM4YTMPfkv7aTGRmzKo=":{"valueMac":{"type":"Buffer","data":"40+rHwJuT+qSYHbtTgp+pqXQYdXaIgQ9uvwDaBwX8io="}},"+sqIZYHLgKIGLokZy+1IOVWBnJ7vGcUIfZ8/f8I+Ypw=":{"valueMac":{"type":"Buffer","data":"c24OhDOLyYet2d2qgtX40L/mzkztmAelDIEFvlUA8YY="}},"+s3j1gPCDmLhtrQzEb9nIo+uSdt9jUv2GWxFBrd2TRo=":{"valueMac":{"type":"Buffer","data":"IVov9tnSs7NPz3YtvyTWyZU0Xxc+EdDR982XQied7UM="}},"+yRyKGOoNvUJC/qFTiH3V/DN/kZhX4uUVsVnaOPTBK4=":{"valueMac":{"type":"Buffer","data":"ZxhgGV1z/ZJk9+XbgLPTDVexjL6HGsSzfWzYZQvTjTU="}},"+zPEm12SBjMnmk5P5ldCs22N1phMPoYMq7ZQGghi3jE=":{"valueMac":{"type":"Buffer","data":"CLLiQ6xamUsY+91DqLNXODoHkfsCTA6taZuIf/3mDms="}},"+8uZmrV3akw0VpJdMSYUYNqjWVEiEnbj93dD0wHLUrc=":{"valueMac":{"type":"Buffer","data":"a/AuIHPpH/Gd670RTMEe53Xkxo5F07j5QuMDm4VPVm8="}},"/GZJhm8EVx309mHaKlrc05UxYIakouARKGR1HO1o6ME=":{"valueMac":{"type":"Buffer","data":"4auQCs5qGno5Q8SZseEA18HOVIs6TUJJIHu4xexFW7A="}},"/N1Coo3HMrhEUV2yAQM9Q439+PR0AkE2g8EGM8Dqj9s=":{"valueMac":{"type":"Buffer","data":"iCBd5c0iU/dC+PmaK7z5XY7CCMkoqvTGzreVVB3qYt4="}},"/TQLOK+ZLEk4MPDAbOTfH0A3jErDv0uNEZtVdW7cbZY=":{"valueMac":{"type":"Buffer","data":"NVzqe4MxUdJPmtePNYbkyyY4oxQSvSHMTLJyDKFg6w8="}},"/bZEjNSGkGItO9h9fBk/jsjuoDIrJF5c/0LNd9z86VA=":{"valueMac":{"type":"Buffer","data":"k/V+iCcDrSyCSoY0aloToKDYqqww5LZgKn/tRZKrUMs="}},"/du5vvvDj4Ui1jgkCUaG2qFOd5ksXZijmgXIaUkusrU=":{"valueMac":{"type":"Buffer","data":"z/zfyzM/c9mhFZ8TQRAPDDWTI7UXcNqMgOm1/1EPNAk="}},"/jSJgV4fLGtjJ5k0qQJ8GXu92bBxbWsh/cxTes1+QxQ=":{"valueMac":{"type":"Buffer","data":"nTM/4ruvcBeANo56HwEEXcYomv77sJGOPrlYdejtG2s="}},"/mtPgt82JVoYLaEPSYI8wFrfpHtNynZGTfNGcl/kWu8=":{"valueMac":{"type":"Buffer","data":"1YHaJ9AOMrNjDJPivtwUARMTBzNAaAMABLJKhIXEeLI="}},"/qBDwjP0+xunJzXv/9ysVGO4IDJGbYnUpvqmtAmxpdA=":{"valueMac":{"type":"Buffer","data":"O4/HLjCl+MRdg3Mr44TWoBjMK+SDN3JSc6U3Ofl0eoA="}},"/ye17WGDjzQC0oayZ5wE6gc1TPF2gaXXSEvddWJNyrI=":{"valueMac":{"type":"Buffer","data":"DnR9WH5MkX4FjwQ2ivzLRCLsLYZIxQwgJlKMuoljHBQ="}},"/3gCAFu6WYphsLhnmEUT2JV45+td1tXPYxgV+TPpjV8=":{"valueMac":{"type":"Buffer","data":"nxeErSTVC8eZRQHt0Vl6sfJne6eqolf4pc3xKjBVM7s="}},"QiiRYHHOyZs7GRnyffgpHytH2gY6Gg8T6BNoCvl2iGw=":{"valueMac":{"type":"Buffer","data":"x+Qx13OTf9bY4DCjHYH/PFTTcJGe+5cRs+wLsI2hm60="}},"U4ykoeq0UuNvi80jzfti2ng9fI4exB73NXh5FmjwZZ8=":{"valueMac":{"type":"Buffer","data":"gxmGA2ZQcs0S4NcNmgPuIqT11J4ai6bKsazdK/K1n1w="}},"W9u06PzGIsa8KghS8EqKB7zZLsGyQLjEapcuOqunl/o=":{"valueMac":{"type":"Buffer","data":"Ms7a+Mjc+M4W6OXzygTAsv8Ai2QxXQtQH2Rtk3+I9NQ="}}}}