{"noiseKey":{"private":{"type":"Buffer","data":"iPYl4nhszgC+BRC8BqEAfMRQ4+7FDroaR7l9oeuCREQ="},"public":{"type":"Buffer","data":"ELcwtb25CaSZ0A8mWFPaVysObDXFNi1jCJBz7TT+QV0="}},"pairingEphemeralKeyPair":{"private":{"type":"Buffer","data":"CHb/PwIutYBcjKbcgtnNNC+lVKk+Y+9F1nsIVRzpD28="},"public":{"type":"Buffer","data":"2Isdsvw9D+8pCLk8bx3Y3Blf5P+gWHn4fSDE3bB5oVw="}},"signedIdentityKey":{"private":{"type":"Buffer","data":"qHNcEj8fUsLv/cDiZlsYc93rNA2bugAvwoqDcThfE0w="},"public":{"type":"Buffer","data":"UkHLNpN0sA+2oRkMtWj6zyoKMOlnGRXThYkQTNCxvBM="}},"signedPreKey":{"keyPair":{"private":{"type":"Buffer","data":"sFXWzbt/YfVo7Iss1LKtJpBgQS2E5CKRULKiPzkDzGM="},"public":{"type":"Buffer","data":"uqhZD7MIZ1jV0HNN5wg5BDC6RTs4bS+gfy36e75y91c="}},"signature":{"type":"Buffer","data":"V51iDhAngZE4njh7EBWyfQJdvmUlSE7bEK0j/VStWywiryPB7vQAYrxLfkt/N7/2z6YpU1ZSHkgv8SaKdRCDDA=="},"keyId":1},"registrationId":144,"advSecretKey":"EVVOzFZLOPENirltjcOKwcE/h8nw9SDFuQqCuVVA2TA=","processedHistoryMessages":[{"key":{"remoteJid":"6283865213518@s.whatsapp.net","fromMe":true,"id":"2787E3D13C8B525A3B47DE87612EFB88"},"messageTimestamp":1752296191},{"key":{"remoteJid":"6283865213518@s.whatsapp.net","fromMe":true,"id":"87070718FC08373462AFCAECB92074C6"},"messageTimestamp":1752296191},{"key":{"remoteJid":"6283865213518@s.whatsapp.net","fromMe":true,"id":"57B1548185744F5760DA7AA284BC1B4F"},"messageTimestamp":1752296199}],"nextPreKeyId":160,"firstUnuploadedPreKeyId":160,"accountSyncCounter":1,"accountSettings":{"unarchiveChats":false},"registered":false,"account":{"details":"CKSN9tIGEPDVx8MGGAUgACgA","accountSignatureKey":"hiM5zcylRUP3j9hr+tNJkbcbZChSv+C6UwK86Tqxwxc=","accountSignature":"REjmLPpbQQ7Ucyehdn1aeWycHAb63X09xCgmHBb2bStdiJd6IvBdIWrvr8Jsnl6Oni98KhtRTYY5lQVc57pDBg==","deviceSignature":"80lQqKMYH0GtrFTtW1nQoZ8cy9gJYA+z782U83rL6NsX2wxG91h3uKbNyrDaMdW1+VDcOuwmEbNWkZKVSEcHBQ=="},"me":{"id":"6283865213518:69@s.whatsapp.net","name":"Babybus","lid":"248141936914520:69@lid"},"signalIdentities":[{"identifier":{"name":"6283865213518:69@s.whatsapp.net","deviceId":0},"identifierKey":{"type":"Buffer","data":"BYYjOc3MpUVD94/Ya/rTSZG3G2QoUr/gulMCvOk6scMX"}}],"platform":"smba","routingInfo":{"type":"Buffer","data":"CAUIAg=="},"lastAccountSyncTimestamp":1752296222,"myAppStateKeyId":"AAAAAGqz"}