{"_sessions":{"Bdl2hZ9JNu5nOxuOTa0djurvXmhmZuS50tLp9MZvZfAK":{"registrationId":1688991557,"currentRatchet":{"ephemeralKeyPair":{"pubKey":"BZZFHcnh92fnaOm3EwsapsgIC6AWRnzkR69GTTqnjf0o","privKey":"ENU7e9cZKMervtLLiy4AeUEY8tPgkdVd4UIaQJI+kHg="},"lastRemoteEphemeralKey":"BTHLxMhaPIX+X9gyL1QftU7Jux/twB3C6KX6iqwGFcge","previousCounter":0,"rootKey":"zLT4mWjPzAwCGLQ93UbPWBL+5zX8ZviPjqIGos+s9zU="},"indexInfo":{"baseKey":"Bdl2hZ9JNu5nOxuOTa0djurvXmhmZuS50tLp9MZvZfAK","baseKeyType":2,"closed":-1,"used":1752456573170,"created":1752456573170,"remoteIdentityKey":"Bb82/6y4emy6swoRAkUyPfEtPOfSLjBkq6ABRfFoWjl3"},"_chains":{"BTHLxMhaPIX+X9gyL1QftU7Jux/twB3C6KX6iqwGFcge":{"chainKey":{"counter":1,"key":"mnVnWpI0HZ2seYu0PmNamKBGl0dzczUOj4OtlZCDyHg="},"chainType":2,"messageKeys":{}},"BZZFHcnh92fnaOm3EwsapsgIC6AWRnzkR69GTTqnjf0o":{"chainKey":{"counter":-1,"key":"6eiTN/SyuXNqYo8PwPjPIIGBf4Voq8R/k02jN7AYBXw="},"chainType":1,"messageKeys":{}}}}},"version":"v1"}