{"_sessions":{"BTxXcI26wMvSouBtZ+Gj/cJ59Qb3kDd7VuYuNbpLtBUy":{"registrationId":2096503392,"currentRatchet":{"ephemeralKeyPair":{"pubKey":"BflytCyCsQ01+hHWZlQ63LDw3A5jz9H0GJKMGxxfTLR0","privKey":"oJb7rm6+48zFUrvu/BD5+lVrTNrdrmRg7HLOk/tiS1E="},"lastRemoteEphemeralKey":"BWSJQupjWG+h1xUxNiBJHuBdkLuKJJNfZhbBFqguLw5d","previousCounter":0,"rootKey":"1Ix/KyC8z4mPsaQRbm6ijN7bsvIPjcSTJjnu1YPfMRU="},"indexInfo":{"baseKey":"BTxXcI26wMvSouBtZ+Gj/cJ59Qb3kDd7VuYuNbpLtBUy","baseKeyType":2,"closed":-1,"used":1752456572801,"created":1752456572801,"remoteIdentityKey":"BQ3XgfAr+YtPznJEgfyve4d044t0kOabY8aoYMW9hOh2"},"_chains":{"BWSJQupjWG+h1xUxNiBJHuBdkLuKJJNfZhbBFqguLw5d":{"chainKey":{"counter":0,"key":"RxramUGvnB4e0kDg8xD37LSnlfp0ydKnaTRmWfdcrJY="},"chainType":2,"messageKeys":{}},"BflytCyCsQ01+hHWZlQ63LDw3A5jz9H0GJKMGxxfTLR0":{"chainKey":{"counter":-1,"key":"/4/9PfBq+SzwN2ZsMcCYHD/DHVCIlZcqFMASAJ+GfUM="},"chainType":1,"messageKeys":{}}}}},"version":"v1"}