{"_sessions":{"BTuAxHTtyEaPgccMfAheEue2P3YEiDY3nimTb+wDqNde":{"registrationId":1829242465,"currentRatchet":{"ephemeralKeyPair":{"pubKey":"BXRUjEmCdQgLmzcIyb2XFavrRgW6En0/S+P3LPo+/nhX","privKey":"SOIKDFlZy/l4LXnUGxgBAW1nZSOmmY5ZyRE1AERDcXI="},"lastRemoteEphemeralKey":"BZ20b8UqAsmv0ylf5C29qksgNgNSQ/P8NTftiocl4M5i","previousCounter":0,"rootKey":"t9Kbb0+d+y7uBKu/n4sbG1Swh5WlJYrnG4LV9tug+8I="},"indexInfo":{"baseKey":"BTuAxHTtyEaPgccMfAheEue2P3YEiDY3nimTb+wDqNde","baseKeyType":2,"closed":-1,"used":1752456570961,"created":1752456570961,"remoteIdentityKey":"BbAOMZgR8YTAdIYtjUy892SazmJimJMajO74XOjTNs9Y"},"_chains":{"BZ20b8UqAsmv0ylf5C29qksgNgNSQ/P8NTftiocl4M5i":{"chainKey":{"counter":0,"key":"RrMPlxm0JDcVQL3dEY/XcGw6E8Cy+8Swu0mSy5L/czQ="},"chainType":2,"messageKeys":{}},"BXRUjEmCdQgLmzcIyb2XFavrRgW6En0/S+P3LPo+/nhX":{"chainKey":{"counter":-1,"key":"zQ/XqF4hIzwbniX9r0Iax5sHkvnC6caeevQkw7WLJnQ="},"chainType":1,"messageKeys":{}}}}},"version":"v1"}