{"_sessions":{"BQW6KFFtSusEIjcyLDhhjpr6YaK2Z7NeZX/uiIt7u0cw":{"registrationId":403712782,"currentRatchet":{"ephemeralKeyPair":{"pubKey":"BXAOGE2vEhVq6cx+HqUTo7XZrbWH8hOJ0A2U6TlBXAIc","privKey":"aFxTDx6ulM5hAbPD4hgdqpeseS+0CezpleZn52CEk1U="},"lastRemoteEphemeralKey":"BVzQGdpWpOmECaNJkN8iXMPc9iEMppQr9ZgsTibwMzMW","previousCounter":0,"rootKey":"Dy8Q5050lD5zHASgHgeZvrtX1lDXLy6zF0NWZAYY3fk="},"indexInfo":{"baseKey":"BQW6KFFtSusEIjcyLDhhjpr6YaK2Z7NeZX/uiIt7u0cw","baseKeyType":2,"closed":-1,"used":1752456565293,"created":1752456565293,"remoteIdentityKey":"BZQA/2Zg3SbUiTkHtzWV5mI03DrBb5zDQ2eSJs3ihyBQ"},"_chains":{"BVzQGdpWpOmECaNJkN8iXMPc9iEMppQr9ZgsTibwMzMW":{"chainKey":{"counter":0,"key":"0YQWvHMiqEZAppqFFjBn1fk+i8+HgsRp/EXKJi0ITGo="},"chainType":2,"messageKeys":{}},"BXAOGE2vEhVq6cx+HqUTo7XZrbWH8hOJ0A2U6TlBXAIc":{"chainKey":{"counter":-1,"key":"1qG/ICsHRcaTQy5GBuSKMu1tQcFLjpt2M4zGmuPzvU8="},"chainType":1,"messageKeys":{}}}}},"version":"v1"}