{"_sessions":{"BURTx9wV+ZHw8MXWImq1RDC2Io3YM2sfTUZX9Pt+wy4r":{"registrationId":218,"currentRatchet":{"ephemeralKeyPair":{"pubKey":"BTXLYUz+XZG//ASyLDedgR3uhrunczvZie+16MJw1UFq","privKey":"EGbnSCPk/SLN8C4Zx22yFSnAuxBz5BsZWVrOrpXZUFc="},"lastRemoteEphemeralKey":"BaXODDrnmm5ZABhGKp8a2T0pNSE89qkQpYvfL7NI2y9+","previousCounter":0,"rootKey":"CgzV5P0I0Az5l4dvTHaQSWT9pXYQXWUQvvNDN2V97TY="},"indexInfo":{"baseKey":"BURTx9wV+ZHw8MXWImq1RDC2Io3YM2sfTUZX9Pt+wy4r","baseKeyType":2,"closed":-1,"used":1752456565175,"created":1752456565175,"remoteIdentityKey":"BQH10g9RTLFa8aTlVC1hz9lug/wseih/ypu+cAsiQ50d"},"_chains":{"BaXODDrnmm5ZABhGKp8a2T0pNSE89qkQpYvfL7NI2y9+":{"chainKey":{"counter":0,"key":"jCKzOo/28b2gl4aHzDvAl8GfwDk3fZYtnlKN+EXwuTk="},"chainType":2,"messageKeys":{}},"BTXLYUz+XZG//ASyLDedgR3uhrunczvZie+16MJw1UFq":{"chainKey":{"counter":-1,"key":"COW6Sc2bq5+YqrQjEAuV3Izn9Kc0VHnex6EZg/fBlfc="},"chainType":1,"messageKeys":{}}}}},"version":"v1"}