{"_sessions":{"BTbdK0xRylTq+BVUUwiPMpMdw96pgVyZ9X6dMQpBoghF":{"registrationId":1069387401,"currentRatchet":{"ephemeralKeyPair":{"pubKey":"BY5apGwEqn+5Az4q58xCX0dxhgmgtolaH7KLQJhRvNgX","privKey":"yKJKgTSQqCDg/7g3b69dndPWvmg8kViThB5VkNdM8Ew="},"lastRemoteEphemeralKey":"BQpIjf2svVuWV7lx/I5HTH6XfCjanwdPPE3dGbrUDFAD","previousCounter":0,"rootKey":"rfhR78HeNJmCNL/pmn4xzeE5MZGpTucZT5c9caFS8zI="},"indexInfo":{"baseKey":"BTbdK0xRylTq+BVUUwiPMpMdw96pgVyZ9X6dMQpBoghF","baseKeyType":2,"closed":-1,"used":1752456572653,"created":1752456572653,"remoteIdentityKey":"BcjlapvScxG6zsN9dX7c76VeoarigXhylV+TESL0X68Q"},"_chains":{"BQpIjf2svVuWV7lx/I5HTH6XfCjanwdPPE3dGbrUDFAD":{"chainKey":{"counter":0,"key":"jj52ikeGdnzxaNKvBy09XrfP6mA2tjgEtIkTQun7x6k="},"chainType":2,"messageKeys":{}},"BY5apGwEqn+5Az4q58xCX0dxhgmgtolaH7KLQJhRvNgX":{"chainKey":{"counter":-1,"key":"MmPGIa3Oi72sP2HcW565yR/UOAyvgSqjTsEPWddWMxM="},"chainType":1,"messageKeys":{}}}}},"version":"v1"}