{"_sessions":{"Bfp94KbHvgUx0EKknnqD1TN18hvTdQoniOf4WkqU9ZR5":{"registrationId":914220526,"currentRatchet":{"ephemeralKeyPair":{"pubKey":"BRUFnRxX9BiLPG7SuB93JDmGP8Sc+orFykSv1EnxSPw4","privKey":"+OpID9eeycay1UkeS4+oQTuKOIAvzY40KQL4XLUNh0I="},"lastRemoteEphemeralKey":"BUdflfDHZoE76UtdiVFQA8PpvqV2b6hEXP7Kk0hJUWdb","previousCounter":0,"rootKey":"cn76xdLWh8EpAv8H2UYT1cT9yyJHo6SCp456YahvjpE="},"indexInfo":{"baseKey":"Bfp94KbHvgUx0EKknnqD1TN18hvTdQoniOf4WkqU9ZR5","baseKeyType":2,"closed":-1,"used":1752456586931,"created":1752456586931,"remoteIdentityKey":"Bdv+thpq4jSnXZaCjr+jPAswoVrVz33GESZv7jbL5v4u"},"_chains":{"BUdflfDHZoE76UtdiVFQA8PpvqV2b6hEXP7Kk0hJUWdb":{"chainKey":{"counter":0,"key":"Pstegj3qDs1xi8cHkdjbmsTympgbU2FXsDlizYt+ZG8="},"chainType":2,"messageKeys":{}},"BRUFnRxX9BiLPG7SuB93JDmGP8Sc+orFykSv1EnxSPw4":{"chainKey":{"counter":-1,"key":"1dUg8h9Zis796v/NqlISvrgyrKwKGC6gkHWe6LI2o+k="},"chainType":1,"messageKeys":{}}}}},"version":"v1"}