{"_sessions":{"BZaFw6TVgbQmcghue5CkNaYf3iFGdMKu4Z/4LOMd76B9":{"registrationId":662208370,"currentRatchet":{"ephemeralKeyPair":{"pubKey":"BRxq4gUPfN15/urgJ6WTPhWxrSKXVeN02pDHLadhuuVV","privKey":"8AzElXAN5H3CC/7U91mrltyEJkNGIhddu7QFAyBZbE4="},"lastRemoteEphemeralKey":"BXzblKHMAOdrxtjBV5Yg0vK/bdEbI7Hgy/SOqk4ewKdu","previousCounter":0,"rootKey":"YrjP0m26neQYtymnxkFwkUPvJ31e+BfOUqS7gBCgVS4="},"indexInfo":{"baseKey":"BZaFw6TVgbQmcghue5CkNaYf3iFGdMKu4Z/4LOMd76B9","baseKeyType":2,"closed":-1,"used":1752456565191,"created":1752456565191,"remoteIdentityKey":"BVbufFfMze2waouBNCaiNYKwwcGq7hLW54EFTczRRsN4"},"_chains":{"BXzblKHMAOdrxtjBV5Yg0vK/bdEbI7Hgy/SOqk4ewKdu":{"chainKey":{"counter":0,"key":"trqNs+LOcwhWX/siZALaWETCMsCQ5wBniBDRk5fT4Rc="},"chainType":2,"messageKeys":{}},"BRxq4gUPfN15/urgJ6WTPhWxrSKXVeN02pDHLadhuuVV":{"chainKey":{"counter":-1,"key":"DW7TwC9nil4blX+ECNAMt4gxh/yZtljukddmOAd+L9Q="},"chainType":1,"messageKeys":{}}}}},"version":"v1"}