{"_sessions":{"BV/Iy03ejctobO20s6OvAVPDApfzbWlUHz0GCl8VXoUQ":{"registrationId":825776270,"currentRatchet":{"ephemeralKeyPair":{"pubKey":"BaPUMlj77qjGpfmdWnA4aw/lfkLq6wYRo421/XsLcldo","privKey":"2MZV2IbjIXjraEzN9Jgg8y1z9E67ekB9CAbcOeKgons="},"lastRemoteEphemeralKey":"BfAVcpBO3O9n3DglVNqs/5torUnCk9TA/z6LMsQodiRX","previousCounter":0,"rootKey":"vlUOvnrvY6Ux1vNE908Q4z27+HnHsJZaLcdpuaoB5pU="},"indexInfo":{"baseKey":"BV/Iy03ejctobO20s6OvAVPDApfzbWlUHz0GCl8VXoUQ","baseKeyType":2,"closed":-1,"used":1752456565248,"created":1752456565248,"remoteIdentityKey":"BQYd+mklqXMOPhONDCRkYhgDgcKQN9HoNgQvDr2iNecd"},"_chains":{"BfAVcpBO3O9n3DglVNqs/5torUnCk9TA/z6LMsQodiRX":{"chainKey":{"counter":2,"key":"ya+GUONaa6vdtEjMF73d9wOEncmJq197Ouhut6iThVY="},"chainType":2,"messageKeys":{}},"BaPUMlj77qjGpfmdWnA4aw/lfkLq6wYRo421/XsLcldo":{"chainKey":{"counter":-1,"key":"+5GZzCKiISA4dRujFudh/VSlsUHY4lgMZ/gzpqFE1AY="},"chainType":1,"messageKeys":{}}}}},"version":"v1"}