{"_sessions":{"BSBfeJiYLE4lBwuJriaj6crE8PqzjIsjjQzTO1DsY8ty":{"registrationId":212013009,"currentRatchet":{"ephemeralKeyPair":{"pubKey":"BfCmp0R3D8qdFeMd4+ewmJsWcmFCNyuKVJCoUekn2NRa","privKey":"eN3S6tu139eGO0plOP66CclWwRR7OLT4Fa1ePzqM6nY="},"lastRemoteEphemeralKey":"BTZdq591JCh8Gbdmr6vL1o63f21rN5j/1QjIOB6gyhV7","previousCounter":0,"rootKey":"QgoO7wxooOyCwfqAvuLnmXatO4zBNsuGZP/A1e8dtKA="},"indexInfo":{"baseKey":"BSBfeJiYLE4lBwuJriaj6crE8PqzjIsjjQzTO1DsY8ty","baseKeyType":2,"closed":-1,"used":1752456594780,"created":1752456594780,"remoteIdentityKey":"BVylmJUq1DdC0SZz4xQgAzlLWkTEG31/szQ0r0Qbf9F+"},"_chains":{"BTZdq591JCh8Gbdmr6vL1o63f21rN5j/1QjIOB6gyhV7":{"chainKey":{"counter":0,"key":"mnTStf5xX87j/OnuIstdqtraAHHH82v2WiJyZcavlu4="},"chainType":2,"messageKeys":{}},"BfCmp0R3D8qdFeMd4+ewmJsWcmFCNyuKVJCoUekn2NRa":{"chainKey":{"counter":-1,"key":"3a7R4QI+ycUkYIQ5MsodsrIt/D59NWPddduuNE+zXPc="},"chainType":1,"messageKeys":{}}}}},"version":"v1"}