{"_sessions":{"BdDcENnBwa+n59YWm2YthKVfVRXohcu3CEY8bMMlzrAx":{"registrationId":716490439,"currentRatchet":{"ephemeralKeyPair":{"pubKey":"BcC2BYVyiDMbrRDFegq6juf3Wr9EgPuViSJbuLeGH8xi","privKey":"AOJdQJr1GjkKOeApvep5gndNAtQ0SCas1/QaHRTYm0I="},"lastRemoteEphemeralKey":"Bee12r2i5CXYLBrG9sTk09EF9e9UsPFvR/suFt5zhnE6","previousCounter":0,"rootKey":"Wd8+xyTGHapa+2yPCTCNct5lziDqhTKGYm4rHF9LeUI="},"indexInfo":{"baseKey":"BdDcENnBwa+n59YWm2YthKVfVRXohcu3CEY8bMMlzrAx","baseKeyType":2,"closed":-1,"used":1752309366186,"created":1752309366186,"remoteIdentityKey":"BZCt4oo83DmqLXI6ocPLHqZD6UXA2KZQd35Q2TudICt0"},"_chains":{"Bee12r2i5CXYLBrG9sTk09EF9e9UsPFvR/suFt5zhnE6":{"chainKey":{"counter":1,"key":"PGHYnKRcKNLWhY7JC29P+xhyNNE6llgep6LLakbFn/M="},"chainType":2,"messageKeys":{}},"BcC2BYVyiDMbrRDFegq6juf3Wr9EgPuViSJbuLeGH8xi":{"chainKey":{"counter":-1,"key":"0krUh3mFV74rKEOClQgajXEs0XbR20RSg8VjvlkpdLY="},"chainType":1,"messageKeys":{}}}}},"version":"v1"}