{"_sessions":{"BbM0ROsvYswvFQNAXCaDJ6bYq4LkXiIMTIqN6UBSrgo6":{"registrationId":2130367386,"currentRatchet":{"ephemeralKeyPair":{"pubKey":"BSCwavMavQx8Kt8pTv9J13vGovpMXhveboKfhi2vCyUh","privKey":"8ONI10sacwaPVolJ1W/cZXdadwWnk8+CedmB5VW7Hlk="},"lastRemoteEphemeralKey":"BQVQ8VnkLA21NWCYr+X4nRNDOXfHV4h1m8VR9I+0ITNN","previousCounter":0,"rootKey":"LwRR4Wjb22i487RI95K53z+QAi6WOdJ2kM1X+Y8Jka0="},"indexInfo":{"baseKey":"BbM0ROsvYswvFQNAXCaDJ6bYq4LkXiIMTIqN6UBSrgo6","baseKeyType":2,"closed":-1,"used":1752315226809,"created":1752315226809,"remoteIdentityKey":"BeKHCFjdHsJvks0JXCrCpcvLjUqTj6ehbAvj8XZ+L0sm"},"_chains":{"BQVQ8VnkLA21NWCYr+X4nRNDOXfHV4h1m8VR9I+0ITNN":{"chainKey":{"counter":0,"key":"OEe7B6hFi+KPsOa0GW9GnWpiVd+0hWevUrDbCb4XrOs="},"chainType":2,"messageKeys":{}},"BSCwavMavQx8Kt8pTv9J13vGovpMXhveboKfhi2vCyUh":{"chainKey":{"counter":-1,"key":"S2wQ7VjQXA+XMZzd9G3mKP/uKwdpRBnvPFMy63IeVuY="},"chainType":1,"messageKeys":{}}}}},"version":"v1"}