{"_sessions":{"BeIoK54jj2KcExCPMXS1FHHWgZzAi+LyeJbSAZoNIcUL":{"registrationId":983457097,"currentRatchet":{"ephemeralKeyPair":{"pubKey":"BSH03TnrY2G4tTLbXiY3kg5mpEC1sX0Ol91hIzMfYH8G","privKey":"CDDPeudxOeMkfysQleUwOfY7QK6skPbOLnj6Gt5PYGU="},"lastRemoteEphemeralKey":"BeF8k50wCz6r6POy70dzpALnCYTykASHYX6Gaf+mN01T","previousCounter":0,"rootKey":"qmfuJ5nwp6gmkZuU8UzUJmfPGlTLssH+nKxtQji+3Yo="},"indexInfo":{"baseKey":"BeIoK54jj2KcExCPMXS1FHHWgZzAi+LyeJbSAZoNIcUL","baseKeyType":2,"closed":-1,"used":1752456572426,"created":1752456572426,"remoteIdentityKey":"BRSesLbJ50TduD/TIHTmKXP97kNWyEkWPWnalBlovtY5"},"_chains":{"BeF8k50wCz6r6POy70dzpALnCYTykASHYX6Gaf+mN01T":{"chainKey":{"counter":0,"key":"hTadPtTLt/d/rlXgphL8IupgCgnpRdkLObFlrEoqxVo="},"chainType":2,"messageKeys":{}},"BSH03TnrY2G4tTLbXiY3kg5mpEC1sX0Ol91hIzMfYH8G":{"chainKey":{"counter":-1,"key":"UQb7mJ6EEwjmhrFXypvjtHz0r40S0SqQsFdRp3LAwuo="},"chainType":1,"messageKeys":{}}}}},"version":"v1"}