{"_sessions":{"Baz7op7+rz5L8XCWGPLHMDL9hGsw9RdOJt256gu98oYc":{"registrationId":1170673902,"currentRatchet":{"ephemeralKeyPair":{"pubKey":"BfrEylweSJS9P88GkhDWKe2MkJoObi3WK9CsyiS4kG56","privKey":"GDkYWLiZXA+wbVpCQyE5r5G9CJZt7hWzJXNkf/LGG3Q="},"lastRemoteEphemeralKey":"BWYWmW4PL9m9H6HmlzGxliLh+30fsMgAjb1b/byPVzsJ","previousCounter":0,"rootKey":"XzejyJt8MwWVJ/QpGxcza9vQ5bhVeSGZ/F1NI9ejLuw="},"indexInfo":{"baseKey":"Baz7op7+rz5L8XCWGPLHMDL9hGsw9RdOJt256gu98oYc","baseKeyType":2,"closed":-1,"used":1752456572773,"created":1752456572773,"remoteIdentityKey":"BSBOj9cj77aIvDBNt+GbIr7dorfuYVFgeioxNYyc5zMI"},"_chains":{"BWYWmW4PL9m9H6HmlzGxliLh+30fsMgAjb1b/byPVzsJ":{"chainKey":{"counter":1,"key":"O+1/ia6ePfb+zLuQoxb4fLUn0qtqexjjpZZjuIdG5NI="},"chainType":2,"messageKeys":{}},"BfrEylweSJS9P88GkhDWKe2MkJoObi3WK9CsyiS4kG56":{"chainKey":{"counter":-1,"key":"Fm+vIFacchL2sqFCdEIzxtQxnMXPZHk2xe0er+74UfQ="},"chainType":1,"messageKeys":{}}}}},"version":"v1"}