{"_sessions":{"BQH9H43jNBrywHjuE3lbQ4UhGAGzu/jfAKX2+tyERg8e":{"registrationId":2017802210,"currentRatchet":{"ephemeralKeyPair":{"pubKey":"BWW6g4R4nfE6AAcvt2MbpekJiColFJw72FYp3SFSIAhn","privKey":"6HsLtLjBBA476cYuuPQLJXs4/1NnyjzQB+3yxyuOXVg="},"lastRemoteEphemeralKey":"BZ9X7J/o/a7duFHBRyt0BWXbZSQRu1ApZYtvXMC+qa5Q","previousCounter":0,"rootKey":"bYP6xwss4ebAT9dRimoJudkwWDVjbs9rEGYzkDxNgBQ="},"indexInfo":{"baseKey":"BQH9H43jNBrywHjuE3lbQ4UhGAGzu/jfAKX2+tyERg8e","baseKeyType":2,"closed":-1,"used":1752456571630,"created":1752456571630,"remoteIdentityKey":"BR7jXOfbrZ0MuqYy8WxEU38XlMA5K7OEPaawDBw1BJ1X"},"_chains":{"BZ9X7J/o/a7duFHBRyt0BWXbZSQRu1ApZYtvXMC+qa5Q":{"chainKey":{"counter":1,"key":"aU++wQmkMuiCkmUXfyl7hnRZXFIleBIWa4ZMjyqWGgw="},"chainType":2,"messageKeys":{"0":"PV3Ed8pRm1v515J7WhFXArKmH9iYeQIBr8x1UqolGaU="}},"BWW6g4R4nfE6AAcvt2MbpekJiColFJw72FYp3SFSIAhn":{"chainKey":{"counter":-1,"key":"uKXrjQS8B8lh34SUmLSCMi71S38Jq42L1NfG47WLfbA="},"chainType":1,"messageKeys":{}}}}},"version":"v1"}