{"_sessions":{"BX1OWebu4e95S4t1rxAttb974tt4Cm14yGD9aavksy0E":{"registrationId":1928841917,"currentRatchet":{"ephemeralKeyPair":{"pubKey":"BVZantgWRIOV8Z9FDJhYFOdcv4UZUhDcBRjHc5ovdOEo","privKey":"IFTlqMvbJOwL5d4aXF+h9IQNdcqppJeS6vLZj6PHvXw="},"lastRemoteEphemeralKey":"BcVu+cl1/5MaaeT1gLJr22fTw6gkr0W43S3C4DBVdoMi","previousCounter":0,"rootKey":"e96AJK9D/uE3arZTN0+Dxn/7jR6yy9yw2uzog7Z+6Ec="},"indexInfo":{"baseKey":"BX1OWebu4e95S4t1rxAttb974tt4Cm14yGD9aavksy0E","baseKeyType":2,"closed":-1,"used":1752456577369,"created":1752456577369,"remoteIdentityKey":"Bcs5VhQUlW6M1joHsXQxPsDaUHrQqg7GeJap5dQewjEY"},"_chains":{"BcVu+cl1/5MaaeT1gLJr22fTw6gkr0W43S3C4DBVdoMi":{"chainKey":{"counter":0,"key":"+PXFd7gJbeKd80/n8rp8yb4Ppf1sFzMjmIdeoNS3DTE="},"chainType":2,"messageKeys":{}},"BVZantgWRIOV8Z9FDJhYFOdcv4UZUhDcBRjHc5ovdOEo":{"chainKey":{"counter":-1,"key":"VGGxEgfeho8hAzYYYdMU5JpTuJpzS6VewQy19YAO64Y="},"chainType":1,"messageKeys":{}}}}},"version":"v1"}