{"_sessions":{"BVaOUQdiI0FsWv+60A63qjEjGan+JgN5IckR60LpjHFQ":{"registrationId":1113213990,"currentRatchet":{"ephemeralKeyPair":{"pubKey":"BUdohlsWyRu2twtAMpCnN1Vv+kMvRrLj54583g1qGB9h","privKey":"UJ5jAI4hhZe/OorN4GFt6JVb9/hSseFlBlAxtEl30kM="},"lastRemoteEphemeralKey":"BX8ZwtXm75z309oXOGe0/4knLsD9rhvfeQbKXQn5BGsY","previousCounter":0,"rootKey":"bP8z1m3ZgEbX47QgWgen0kmF1rvxT7SS+CstkOEslnE="},"indexInfo":{"baseKey":"BVaOUQdiI0FsWv+60A63qjEjGan+JgN5IckR60LpjHFQ","baseKeyType":2,"closed":-1,"used":1752456573258,"created":1752456573258,"remoteIdentityKey":"BQZkfLX5qZAk6CD4R/QFIwtBBhuuDbPJyogtJfHb5VMq"},"_chains":{"BX8ZwtXm75z309oXOGe0/4knLsD9rhvfeQbKXQn5BGsY":{"chainKey":{"counter":0,"key":"BAu1xi3jUboEv6pITW+QB5PWDDuPlIxl53hIKizOrRA="},"chainType":2,"messageKeys":{}},"BUdohlsWyRu2twtAMpCnN1Vv+kMvRrLj54583g1qGB9h":{"chainKey":{"counter":-1,"key":"FZj+pPjZUn/S30Cb5ZeGavYtI+ReF2yynVdcvzwCses="},"chainType":1,"messageKeys":{}}}}},"version":"v1"}