{"_sessions":{"BWslIZoX3Zzcs0+I2yNlnTLhj0B9+0Y6QAeZQQcoibEB":{"registrationId":174811143,"currentRatchet":{"ephemeralKeyPair":{"pubKey":"BQShr0PoDdGAXxy5yyXqlluDvaUpDgF5GRb4VO9Kyjtx","privKey":"2IWW2TNNefSn6qMQUdzlbSuGY9Pwe7dpHTIhhCBmrVQ="},"lastRemoteEphemeralKey":"BfncO13M179fpV5Pi7GQoi1gCG32QcXrFwEEjnVsdisl","previousCounter":0,"rootKey":"PyzPxZlsK1EbPmap2GCNOxRyuB5gRLI6gGq1fcw3Z74="},"indexInfo":{"baseKey":"BWslIZoX3Zzcs0+I2yNlnTLhj0B9+0Y6QAeZQQcoibEB","baseKeyType":2,"closed":-1,"used":1752456569484,"created":1752456569484,"remoteIdentityKey":"BWwquEX8WTDybFJ8N0ZstvfjCm2l4fTyaEfL+Lv4I6p8"},"_chains":{"BfncO13M179fpV5Pi7GQoi1gCG32QcXrFwEEjnVsdisl":{"chainKey":{"counter":0,"key":"w3ftktSzGFiADlP7rOLK0IzPVqMJvDEGQ4Lzbkg5rzk="},"chainType":2,"messageKeys":{}},"BQShr0PoDdGAXxy5yyXqlluDvaUpDgF5GRb4VO9Kyjtx":{"chainKey":{"counter":-1,"key":"HakUN/4meCwgCW9Nigoj/ZOhO8+MB+hJxvNgB58Ma+Q="},"chainType":1,"messageKeys":{}}}}},"version":"v1"}