{"_sessions":{"BQIfns2LINkRWUWC1NXmRA0K/ytrSdb1qlW6B4ShCCM/":{"registrationId":1029369130,"currentRatchet":{"ephemeralKeyPair":{"pubKey":"BbRp10b7l+1L5wrcBLeLE1YFDTXxuPp3L+Yq5D6LtWV9","privKey":"qGlmLTD3P5+DEQe0wkyc5KscjwqAqU6sIgPERs0R008="},"lastRemoteEphemeralKey":"BalmzsgyeeJdYZZSN7/vSwdxS8vTuPNA6BbcrIPzoe5t","previousCounter":0,"rootKey":"eYvO7dMa7M4Xw0kl494vaZIdgO5YOK9E9d+REAihxC8="},"indexInfo":{"baseKey":"BQIfns2LINkRWUWC1NXmRA0K/ytrSdb1qlW6B4ShCCM/","baseKeyType":2,"closed":-1,"used":1752306363803,"created":1752306363803,"remoteIdentityKey":"BdBuXLN+fpnc3dnrD64oPf6UH9ffrbawekm3C7pbx1xr"},"_chains":{"BalmzsgyeeJdYZZSN7/vSwdxS8vTuPNA6BbcrIPzoe5t":{"chainKey":{"counter":0,"key":"5I0YjVf9J9rIlVG5JzrI5Qf0h55F3MOvEoCoqyrhfrA="},"chainType":2,"messageKeys":{}},"BbRp10b7l+1L5wrcBLeLE1YFDTXxuPp3L+Yq5D6LtWV9":{"chainKey":{"counter":-1,"key":"vdmC6XtQte2U5tr2G5VUnPanBcYi80V9V57+NfgtelQ="},"chainType":1,"messageKeys":{}}}}},"version":"v1"}