{"_sessions":{"BckkMbV5cTS1EizsldoID836OdpcZoHzkRbvlk9OdIA7":{"registrationId":184558708,"currentRatchet":{"ephemeralKeyPair":{"pubKey":"BWAg3F4deqq2xuMMgViFL1RuSW3P27tWWeTWR+v5IAQI","privKey":"UN9ETNOtXMXkEFyBWPrcxiNziZLJ/eM/yi1OhwOh1l8="},"lastRemoteEphemeralKey":"BeRI2p6Z3xkFz/AAbPS8GlCFU/v0bWFAKyve3UKvZQIk","previousCounter":14,"rootKey":"r/6WqztArrtOnwGYGDuCJlUJbVh6MpCxoy0GbcY9JjU="},"indexInfo":{"baseKey":"BckkMbV5cTS1EizsldoID836OdpcZoHzkRbvlk9OdIA7","baseKeyType":2,"closed":-1,"used":1752456793830,"created":1752296187845,"remoteIdentityKey":"BYYjOc3MpUVD94/Ya/rTSZG3G2QoUr/gulMCvOk6scMX"},"_chains":{"BZvByHT330JDdD0TZ9FCIrXIo7keNWiuKEJExAXMt1Uh":{"chainKey":{"counter":7},"chainType":2,"messageKeys":{}},"BY13Tc01iPMvFnfm4DQV0cuch/2t1plT+dNqaR+UxrRc":{"chainKey":{"counter":0},"chainType":2,"messageKeys":{}},"BWlaanC9H9ccfmyg8D7GDwx1vRjiWcIrBX8vjHqHKPM4":{"chainKey":{"counter":0},"chainType":2,"messageKeys":{}},"BeRI2p6Z3xkFz/AAbPS8GlCFU/v0bWFAKyve3UKvZQIk":{"chainKey":{"counter":4,"key":"f/DxXusX8YValXMjQQeq8e8RVAqxCWEXB1ai8GGunlI="},"chainType":2,"messageKeys":{}},"BWAg3F4deqq2xuMMgViFL1RuSW3P27tWWeTWR+v5IAQI":{"chainKey":{"counter":-1,"key":"pQDj/ZPyx26t/06dHD2I9cDdy5exAq3dTSQYoeOl5JI="},"chainType":1,"messageKeys":{}}}}},"version":"v1"}