{"_sessions":{"BTuLRrmU9XKqHCtiGiEMHfWCfhKR8ggFKX6/6vGUZC1T":{"registrationId":928823914,"currentRatchet":{"ephemeralKeyPair":{"pubKey":"BfY7o/YO3LFwS00BUhysxFTP4HhldyVAbZziN9YMcLc1","privKey":"cHbW+OHmwwpLc16iukhFBslv1+ESB4uyPISsJ5GMyX4="},"lastRemoteEphemeralKey":"BVEDQB7V7Y7apCNX8m26tjnc9SNHZa014lEvJCdkqiUq","previousCounter":0,"rootKey":"vuu4uC1UW8ZH7iTWEd5S9dBY1JR+i7GKnw5GpnzvzV4="},"indexInfo":{"baseKey":"BTuLRrmU9XKqHCtiGiEMHfWCfhKR8ggFKX6/6vGUZC1T","baseKeyType":2,"closed":-1,"used":1752314472953,"created":1752314472953,"remoteIdentityKey":"BQQ6wCJgSr2PrHVtnLOh3auuL27rm3Rumf1Z9UYWwM5Q"},"_chains":{"BVEDQB7V7Y7apCNX8m26tjnc9SNHZa014lEvJCdkqiUq":{"chainKey":{"counter":0,"key":"8B2ByXNlFicR4qnU1Uv6ii7BK7UyJYOckd7ousfglJY="},"chainType":2,"messageKeys":{}},"BfY7o/YO3LFwS00BUhysxFTP4HhldyVAbZziN9YMcLc1":{"chainKey":{"counter":-1,"key":"XoC+6vE9mhYLfmTuAgIe0kGsHUYTb0Z+LN0vLCG9Vcw="},"chainType":1,"messageKeys":{}}}}},"version":"v1"}