{"_sessions":{"BXkmqneCoFARfF5Wk8SiT8WHyeDJ0FkLcjoJs4Rzmukq":{"registrationId":1279907810,"currentRatchet":{"ephemeralKeyPair":{"pubKey":"BSAc3H35U/bdtfvJ8ybdOWsOWVzBeJBMVjK3EkgGzWES","privKey":"EJqqL33xyAIQrGVgQqIhc1WEfo0VBLKyojRTUZUuHUM="},"lastRemoteEphemeralKey":"BTmDEHRJjQRNxwRT+FXYkZ8aboqeMSY0ke3eI3IBqI4c","previousCounter":0,"rootKey":"LKUdsn+rWAGFgV4fMEi9f60Kf3RYCDYewykzfiv7aQE="},"indexInfo":{"baseKey":"BXkmqneCoFARfF5Wk8SiT8WHyeDJ0FkLcjoJs4Rzmukq","baseKeyType":2,"closed":-1,"used":1752301927681,"created":1752301927681,"remoteIdentityKey":"BeP22eFtQGtyT7zvMng2BQKlw0ZMdwimQHrpH9sSrg8E"},"_chains":{"BTmDEHRJjQRNxwRT+FXYkZ8aboqeMSY0ke3eI3IBqI4c":{"chainKey":{"counter":0,"key":"UZKPDB8quNdV/9kWOoEGDxAwebvWQaSFGoxu5Mxpuys="},"chainType":2,"messageKeys":{}},"BSAc3H35U/bdtfvJ8ybdOWsOWVzBeJBMVjK3EkgGzWES":{"chainKey":{"counter":-1,"key":"+8KFDoEEZ7GMLRnXeFW0j9r+Sb6pn7mDqJdcw8rjdj8="},"chainType":1,"messageKeys":{}}}}},"version":"v1"}