{"_sessions":{"BXTRBDpCgR//+4hMgpbS50cI/Kg5xJ6V843t8zy001NF":{"registrationId":1628016504,"currentRatchet":{"ephemeralKeyPair":{"pubKey":"Bexy9uOr5xwkHNODOyXExqnRa8j85eNHzE7NGvlEIMdA","privKey":"UFhfkwDUmQnyC1TIBISaGicSuZPTtyKvLucgx/KvAWI="},"lastRemoteEphemeralKey":"BVjfjvPMqAvYVot69s7/0sMXwHde2/DgYss7cQ0mRlVN","previousCounter":0,"rootKey":"IoG+OH36a3U9nf0Yvu7BUTXgogwPbFpT4tPOtBsmYtg="},"indexInfo":{"baseKey":"BXTRBDpCgR//+4hMgpbS50cI/Kg5xJ6V843t8zy001NF","baseKeyType":2,"closed":-1,"used":1752456565326,"created":1752456565326,"remoteIdentityKey":"Bf0aZD0cYnXjQhXNjJUOXRnq4pGzA1mGZZ+RL134uKw/"},"_chains":{"BVjfjvPMqAvYVot69s7/0sMXwHde2/DgYss7cQ0mRlVN":{"chainKey":{"counter":0,"key":"Jazhdvh9OUbtH9v+xdyda8Sl/az6p8IsSz3uORSzIPw="},"chainType":2,"messageKeys":{}},"Bexy9uOr5xwkHNODOyXExqnRa8j85eNHzE7NGvlEIMdA":{"chainKey":{"counter":-1,"key":"TF16Go6nbrU+7H6gtKXuDKZunwaSN9TiqWuVbs9GC44="},"chainType":1,"messageKeys":{}}}}},"version":"v1"}