{"_sessions":{"BUw7g0ccvRp7pDuAxHG0wgnzXUncd5FmBVKye7bdGu8h":{"registrationId":550239003,"currentRatchet":{"ephemeralKeyPair":{"pubKey":"BaWs013SyxJK5A1qQYr3KnzvUrpgmnxGuP39IRYAHjdh","privKey":"uAFywaB229wRm6Q+5ElTfj/6gqctQMvYi2UAZ58VvGw="},"lastRemoteEphemeralKey":"BWThvG0toqvcrrcivrOwiqgvkaj3TIrJjKKkawVnXE5j","previousCounter":0,"rootKey":"QK0wMXSFtZTjHKxu0Ix7SLGOyDiYBeeQGUW+vZLgkvw="},"indexInfo":{"baseKey":"BUw7g0ccvRp7pDuAxHG0wgnzXUncd5FmBVKye7bdGu8h","baseKeyType":2,"closed":-1,"used":1752456574677,"created":1752456574677,"remoteIdentityKey":"BeswnfKwgAGqHkc3SuZoeSsCurA3/LXubZlK/IWEpo0f"},"_chains":{"BWThvG0toqvcrrcivrOwiqgvkaj3TIrJjKKkawVnXE5j":{"chainKey":{"counter":0,"key":"ug984vsIegjeOVHrRxma/smTl+VJOI7swLjp2ZkRZ2w="},"chainType":2,"messageKeys":{}},"BaWs013SyxJK5A1qQYr3KnzvUrpgmnxGuP39IRYAHjdh":{"chainKey":{"counter":-1,"key":"8QVqCCztPi3UrIWHmus7Oiug828ej4Li+H0p1b+NybI="},"chainType":1,"messageKeys":{}}}}},"version":"v1"}