{"_sessions":{"BZN/n4iIopUOKpIUSsJAu/6pdH97fiOFHVwj9UzDaTEH":{"registrationId":1533181827,"currentRatchet":{"ephemeralKeyPair":{"pubKey":"BfQt/5wag2ziwXFr+5eRwkCWVzeCtSp392G2LBZx3A5g","privKey":"ALPBm4OudIXu8/nzXr0eNQAWsO/lYZhZWaB+zsJP43M="},"lastRemoteEphemeralKey":"BehTH5CmuHNfN+GbVFTcFFBojtJ0J+xnQfkrSh6WgRgz","previousCounter":0,"rootKey":"/lpP8XiPEC9vS1+yxORK4LxrsYrW8t3u9r0uhtSZDqk="},"indexInfo":{"baseKey":"BZN/n4iIopUOKpIUSsJAu/6pdH97fiOFHVwj9UzDaTEH","baseKeyType":2,"closed":-1,"used":1752456569458,"created":1752456569458,"remoteIdentityKey":"BVlM/9aXn0R53Xgq7mksx5+nz5a5cBV6IKEjgcnhzAxf"},"_chains":{"BehTH5CmuHNfN+GbVFTcFFBojtJ0J+xnQfkrSh6WgRgz":{"chainKey":{"counter":1,"key":"NUBzQHabcejB/TT154NQyMgqfJ/qQHNhUFGYwV3qki8="},"chainType":2,"messageKeys":{}},"BfQt/5wag2ziwXFr+5eRwkCWVzeCtSp392G2LBZx3A5g":{"chainKey":{"counter":-1,"key":"GmvoDXkpUsUorRKURM22L70T+eZpxIzfthjohc77CYM="},"chainType":1,"messageKeys":{}}}}},"version":"v1"}