{"_sessions":{"BXVlrCEjJZ3mQIbE2s1OqbgtwbG3YDKoH8DzWPrBYSNM":{"registrationId":33543824,"currentRatchet":{"ephemeralKeyPair":{"pubKey":"BSFo7ozV1zSF6RS4YMTod9ACD6ygvOFXp6P4EzQUYb0m","privKey":"SEiMPodzfz07kTiM3jXeLV8ep321R0ELziCbKLFJd38="},"lastRemoteEphemeralKey":"BQVcLL7PIFPNx3QdvqL2qrODYBU1a7+kPkzMfTzlw4cw","previousCounter":1,"rootKey":"HAnHsOczgwH8bX8L9vVWtJx7C2fOjFu3Xy20+iuS7Gk="},"indexInfo":{"baseKey":"BXVlrCEjJZ3mQIbE2s1OqbgtwbG3YDKoH8DzWPrBYSNM","baseKeyType":1,"closed":-1,"used":1752456586687,"created":1752313410093,"remoteIdentityKey":"BYfjsPUdLDR1ZfwolAniigsFQvjG34XjgA2Q/TU/qXdM"},"_chains":{"BQVcLL7PIFPNx3QdvqL2qrODYBU1a7+kPkzMfTzlw4cw":{"chainKey":{"counter":2,"key":"TFJcuPFMBqL/9/oe+EJtL4AgM0sZ0gBsZP0F8XV/q70="},"chainType":2,"messageKeys":{"1":"DDwcJqvt2NHwNv6XrA4cQrYwF0ZU3OFFYKigHt3lTJw="}},"BSFo7ozV1zSF6RS4YMTod9ACD6ygvOFXp6P4EzQUYb0m":{"chainKey":{"counter":-1,"key":"2/tmGPOcT22gRK5VyfjtsCTtc/A1s2MfIEVvrGFn9Pk="},"chainType":1,"messageKeys":{}}}}},"version":"v1"}