{"_sessions":{"BRFf3t7FLpdSuoZ+DhQbg+V4Ve+o86j9Luith3XqyrBQ":{"registrationId":597125817,"currentRatchet":{"ephemeralKeyPair":{"pubKey":"BbzRJHp5HZUUSPPGk6Pu3HTVuO9NJovSjzbkQzTSp00P","privKey":"IFCH4UztkLQJODLz0Lf0gbrt71JpvVjjnT8YHn+UNmU="},"lastRemoteEphemeralKey":"BVIgwYC29W35BBvZvZKRcfYU5ITbjQ731lz4I7NZM9YU","previousCounter":0,"rootKey":"kmenFueloThkyiJ06Ob/Ck9iM2do7kyqSFdKqohKDLM="},"indexInfo":{"baseKey":"BRFf3t7FLpdSuoZ+DhQbg+V4Ve+o86j9Luith3XqyrBQ","baseKeyType":2,"closed":-1,"used":1752456571451,"created":1752456571451,"remoteIdentityKey":"BZ0VrqWJcY2J06TJk4N/PorCSr97CrQOsgv5yHEYqVEh"},"_chains":{"BVIgwYC29W35BBvZvZKRcfYU5ITbjQ731lz4I7NZM9YU":{"chainKey":{"counter":1,"key":"lsPzRXHcBZFVtBX9ESsocJuZwiYXPLwKBOXEao77wVY="},"chainType":2,"messageKeys":{}},"BbzRJHp5HZUUSPPGk6Pu3HTVuO9NJovSjzbkQzTSp00P":{"chainKey":{"counter":-1,"key":"vPQvHgqcWByeIX94AUhAk/3xmGf4v1WAssLH59kKl3c="},"chainType":1,"messageKeys":{}}}}},"version":"v1"}