{"_sessions":{"BYekCw4rMR6cniThb6nyI0tNPDysdQEMsvqzCI9dJQFz":{"registrationId":1676560067,"currentRatchet":{"ephemeralKeyPair":{"pubKey":"BTG82wQYGQExP0YTavus8oRmyVIMYvnx+yQklaP0XrBc","privKey":"WNMvVUMwFF8tJB6EbRV4VjIHZixHWl0aq7CJLB6fTXk="},"lastRemoteEphemeralKey":"BUrG+vGzNufQL8WAMRO2scDor9bM3ZIJVoGxo+DtFCV4","previousCounter":0,"rootKey":"hWBdQTLoCa9qgyrCCvW95Uxpjxv3mKVAiotMzIcmZbU="},"indexInfo":{"baseKey":"BYekCw4rMR6cniThb6nyI0tNPDysdQEMsvqzCI9dJQFz","baseKeyType":2,"closed":-1,"used":1752331963085,"created":1752331963085,"remoteIdentityKey":"BV8jp8bGcuancPy84WEw0z5/zdqBi8VHW13CHwL+YAZl"},"_chains":{"BUrG+vGzNufQL8WAMRO2scDor9bM3ZIJVoGxo+DtFCV4":{"chainKey":{"counter":0,"key":"O+PmqJoIQKQDkBa4nebwokydSCkLJa0eHiEej3zExpY="},"chainType":2,"messageKeys":{}},"BTG82wQYGQExP0YTavus8oRmyVIMYvnx+yQklaP0XrBc":{"chainKey":{"counter":-1,"key":"3xIs6mnm6N37ljYOuJC0IYaXP37RXN8bhGqSKA6q1U4="},"chainType":1,"messageKeys":{}}}}},"version":"v1"}