{"_sessions":{"BeFimmVbZ+S//kx6oxdLDBkPVehu4Q1pRwlwb3FVcgNE":{"registrationId":811548075,"currentRatchet":{"ephemeralKeyPair":{"pubKey":"BaSJ4yHP2LuKGMu7XbTiCSPKX7F59MDOC63IAHfWVBhJ","privKey":"EKXj5MUKfIEJRZDABLg+WGfZFb4TiMfJAI8q+fPMnUs="},"lastRemoteEphemeralKey":"BQ5Zrk+O325LJtQAi1u1cXhs4ez8WFu9z6NRfGVqk91Y","previousCounter":0,"rootKey":"28R6KXI6iTHEvVh9Wk7v8jRVqwHfNp9XesKztOJf1Mg="},"indexInfo":{"baseKey":"BeFimmVbZ+S//kx6oxdLDBkPVehu4Q1pRwlwb3FVcgNE","baseKeyType":2,"closed":-1,"used":1752456581999,"created":1752456581999,"remoteIdentityKey":"BfEUvXC8i0bIlrGIOVOHE24u0S3+IPn5Fi5rvxVLE2Un"},"_chains":{"BQ5Zrk+O325LJtQAi1u1cXhs4ez8WFu9z6NRfGVqk91Y":{"chainKey":{"counter":0,"key":"GAiMtoKNKMGLABNSOkoHie3SwJZUcPgs9G242eLc2v0="},"chainType":2,"messageKeys":{}},"BaSJ4yHP2LuKGMu7XbTiCSPKX7F59MDOC63IAHfWVBhJ":{"chainKey":{"counter":-1,"key":"XS9nEXZeLIWIernYKvWCV+q4rtaS5eyw7hDmIwtEpUM="},"chainType":1,"messageKeys":{}}}}},"version":"v1"}