{"_sessions":{"BQdlHQ4Sq4QYjOdFC71fK617ISZtaxu/rkfXpIC0lIwP":{"registrationId":2072918718,"currentRatchet":{"ephemeralKeyPair":{"pubKey":"BQZyBkrlhByq2SQb1t3wEeLKKNCSTes0fHzFpAjq/X4L","privKey":"4KdanfGUlMBppnJFzuDgl30GZ56/b5QXJzMuf5dXZn4="},"lastRemoteEphemeralKey":"BfyWTvuQwgfMHTo5hF5Nt9YEWXafmHZgg8XzkaufIQB6","previousCounter":0,"rootKey":"0kJfklB4KY1vZG+w4Gs9yiYV8lHS0QwTpBIVA8nRSmc="},"indexInfo":{"baseKey":"BQdlHQ4Sq4QYjOdFC71fK617ISZtaxu/rkfXpIC0lIwP","baseKeyType":2,"closed":-1,"used":1752456570686,"created":1752456570686,"remoteIdentityKey":"BfVhMvXX7USiIIAzzZANYXAFdgf8IDo1zctepvTNOoRR"},"_chains":{"BfyWTvuQwgfMHTo5hF5Nt9YEWXafmHZgg8XzkaufIQB6":{"chainKey":{"counter":0,"key":"jepoJN2lFI18gC33PehrxWDlLezlfU6IG9ujCtBIqoc="},"chainType":2,"messageKeys":{}},"BQZyBkrlhByq2SQb1t3wEeLKKNCSTes0fHzFpAjq/X4L":{"chainKey":{"counter":-1,"key":"Sr6ZHx+bnYaQGEJ6BpeO/pTff/IJVRdgLZ1JGTpu8ac="},"chainType":1,"messageKeys":{}}}}},"version":"v1"}