{"_sessions":{"BeDIgfZ1mgjy5IeWFiqR2tp6lWFnrAC8EydNM6GPpcJ3":{"registrationId":621337527,"currentRatchet":{"ephemeralKeyPair":{"pubKey":"BcKo/S+TQV6MqqBfcH7BjXqsj3UvkYUohxKTKRByeM5n","privKey":"wB22Q2NoNpmyY7J1ImuGdWP27PWWz0C90h7UnkofUEE="},"lastRemoteEphemeralKey":"BUgw8ci3cpxWUM+x7QxLEm28IH772DnsdU9sjP3A+ZQ1","previousCounter":0,"rootKey":"XmqvBnrZAyBiuXnHmVaSnggtdhJMwgXf+1Z8W4tbNKA="},"indexInfo":{"baseKey":"BeDIgfZ1mgjy5IeWFiqR2tp6lWFnrAC8EydNM6GPpcJ3","baseKeyType":2,"closed":-1,"used":1752456581962,"created":1752456581962,"remoteIdentityKey":"BTObLEPmooDbDnLaTuG3l8eC6+LqjMpFjaFRBnWy5gEw"},"_chains":{"BUgw8ci3cpxWUM+x7QxLEm28IH772DnsdU9sjP3A+ZQ1":{"chainKey":{"counter":0,"key":"ZMBbPA1TUl3CGb7QaPrlrns8k+9Syq/huOpFNO0fW+o="},"chainType":2,"messageKeys":{}},"BcKo/S+TQV6MqqBfcH7BjXqsj3UvkYUohxKTKRByeM5n":{"chainKey":{"counter":-1,"key":"1Egf2xbQE2mohqpPDW7HINIvlNhYXIfZZsj/HpgH11o="},"chainType":1,"messageKeys":{}}}}},"version":"v1"}