{"_sessions":{"BU875x5Z8svI4sLUskDEfDKKjoA0SrY3TLVleNN+nI4U":{"registrationId":802157339,"currentRatchet":{"ephemeralKeyPair":{"pubKey":"BScHgGegzs4Q6VNjoSgFKvQHZqXZ48qmbRs5XXM3hYBO","privKey":"4Hm9C4cuzzLCbgo0CwMY4khXmB3CQPqTvxbN1oLfMXU="},"lastRemoteEphemeralKey":"BaeTrIvQbeZ1pNHnSZpflHcymvTNx5++5+lDuBgWDy92","previousCounter":0,"rootKey":"nSFf7zXQs6MdA88q2caIx0KnD/06uRZrBKP2FBDt5wU="},"indexInfo":{"baseKey":"BU875x5Z8svI4sLUskDEfDKKjoA0SrY3TLVleNN+nI4U","baseKeyType":2,"closed":-1,"used":1752298836188,"created":1752298836188,"remoteIdentityKey":"BSwj+zv597M8dNWJ4NMfqq2nriFbxzWxZcO7grAPqEVs"},"_chains":{"BaeTrIvQbeZ1pNHnSZpflHcymvTNx5++5+lDuBgWDy92":{"chainKey":{"counter":0,"key":"wzW/UKWW3vQj1SwTD+Zbs6HjKXQ5J6dDdnlbViKSsJE="},"chainType":2,"messageKeys":{}},"BScHgGegzs4Q6VNjoSgFKvQHZqXZ48qmbRs5XXM3hYBO":{"chainKey":{"counter":-1,"key":"YH3XtTje6Bucqh1ScrQRLGiwI4TLpFu3vtGKnYYA5oA="},"chainType":1,"messageKeys":{}}}}},"version":"v1"}