{"_sessions":{"BQtvawJ7jRvZuoJjYdmJZTZyg5eYnlfIgjYcrhh5YCFG":{"registrationId":410784916,"currentRatchet":{"ephemeralKeyPair":{"pubKey":"BftZvpGlkLiHqRRhyumSzGOuAgwDckyvjh/P453KUKQ0","privKey":"wEBMmTQ7PLPldNyMhXbDzaNPz01U/eJ3KbktyvvhdU0="},"lastRemoteEphemeralKey":"BUA1JfoSdkBmM3KtXrt//aInujAsfD/TZsVpYv9oEix5","previousCounter":0,"rootKey":"uf98g+cfJxwK9Q4C9Dgr7jKsgHFhrj3NgFHjWvzJchI="},"indexInfo":{"baseKey":"BQtvawJ7jRvZuoJjYdmJZTZyg5eYnlfIgjYcrhh5YCFG","baseKeyType":2,"closed":-1,"used":1752306380775,"created":1752306380775,"remoteIdentityKey":"BaxzzuwYZzpjKu60DW/WbiWiD6rPAIsp7hZ0hFnpNB0X"},"_chains":{"BUA1JfoSdkBmM3KtXrt//aInujAsfD/TZsVpYv9oEix5":{"chainKey":{"counter":2,"key":"+hhMuCwWRlxXdbRy+IlmFYld0W3uwodULxicIR1HiX4="},"chainType":2,"messageKeys":{}},"BftZvpGlkLiHqRRhyumSzGOuAgwDckyvjh/P453KUKQ0":{"chainKey":{"counter":-1,"key":"sCIJjSTmiCcUD61lS/AftzN7NxRf++RfWpuJ2OcLEXo="},"chainType":1,"messageKeys":{}}}}},"version":"v1"}