{"_sessions":{"BaMe+Umfi2uPKQujcRRxppcUOXmSps5GjXQASY3bhHte":{"registrationId":1198689383,"currentRatchet":{"ephemeralKeyPair":{"pubKey":"BVIKnLvr01++zZdBaMFdmwPVV9w7ApEADdqZXfGOj84Z","privKey":"yA81ihxKaP6MGVKWsyTV/h/rpixziZZVkQCosGWcnH0="},"lastRemoteEphemeralKey":"BQE/cgiLXexMzc0BVSUJEflgss31CLMXsQ8f8KJZSuJo","previousCounter":0,"rootKey":"FqbFmTFbxjN9q3H4GFEX7w8tiskiVl0m+4PB8P/6SHY="},"indexInfo":{"baseKey":"BaMe+Umfi2uPKQujcRRxppcUOXmSps5GjXQASY3bhHte","baseKeyType":2,"closed":-1,"used":1752456565215,"created":1752456565215,"remoteIdentityKey":"BQdzTzEDUnnMwnzcylF6e5xNEk83dgIBHntHkyFTmCg3"},"_chains":{"BQE/cgiLXexMzc0BVSUJEflgss31CLMXsQ8f8KJZSuJo":{"chainKey":{"counter":0,"key":"oaOK2U9D9eZGIRMKbL/o7OuhReJ7JZ1fLysNT5V9VVQ="},"chainType":2,"messageKeys":{}},"BVIKnLvr01++zZdBaMFdmwPVV9w7ApEADdqZXfGOj84Z":{"chainKey":{"counter":-1,"key":"YyMyWtHln4gtmOqx0VmTbvM9ds98eDKI9BVSsZgY7rY="},"chainType":1,"messageKeys":{}}}}},"version":"v1"}