{"_sessions":{"BdbRJiYWrrMt1RQaDRPdtiKCNSBcsFFTem1vlfTlt7B/":{"registrationId":846346415,"currentRatchet":{"ephemeralKeyPair":{"pubKey":"BZYuTFe9IVOGB4VJIzq3FardIADiGIveHx8sRvrtm+U0","privKey":"AGS9l+ankpSZCEaqnNj3cBFviSrILPHvwhZrcC35h3c="},"lastRemoteEphemeralKey":"BbeNGqC0lciTtuD7zdn2jUjAHlRxKnefNNl6DLKipLUO","previousCounter":0,"rootKey":"h2ElTabbppyhbXKn2BSI/3WU9ejvPl3QLdqwYUei5y8="},"indexInfo":{"baseKey":"BdbRJiYWrrMt1RQaDRPdtiKCNSBcsFFTem1vlfTlt7B/","baseKeyType":2,"closed":-1,"used":1752311355269,"created":1752311355269,"remoteIdentityKey":"BYbWg/XZ1bcS2DfbC0LzbJ5EczJAxt6T35/pdPvyMPBg"},"_chains":{"BbeNGqC0lciTtuD7zdn2jUjAHlRxKnefNNl6DLKipLUO":{"chainKey":{"counter":2,"key":"41FiL7WqTth5CV9MYMfQKcrNb4o5d7mQLywmm4CVBxY="},"chainType":2,"messageKeys":{}},"BZYuTFe9IVOGB4VJIzq3FardIADiGIveHx8sRvrtm+U0":{"chainKey":{"counter":-1,"key":"TjSQLZnHwVZmg3F82gs+yGUq/+wZ18WWlqvdonGvvC8="},"chainType":1,"messageKeys":{}}}}},"version":"v1"}