{"_sessions":{"Bc4zhk8VE8752nMCAOQkzlZW3o30YMm2HtqbsLBr97lk":{"registrationId":2108671479,"currentRatchet":{"ephemeralKeyPair":{"pubKey":"BTW6b0nVnyEaA9FCTG0w5BsFvr+68x5VOdePVym1lBEr","privKey":"KOi0Xx9MxDxlpP4t+N6lUFR6cIYlJhA6696envz5RlA="},"lastRemoteEphemeralKey":"BQy3XTP1rayQsbxLvv7RbLzGBSIP+oLQi9JXoKp73chh","previousCounter":0,"rootKey":"KJiJSEB03aj215B5J23dBbilGoQJnt6lpKzra2vk9hY="},"indexInfo":{"baseKey":"Bc4zhk8VE8752nMCAOQkzlZW3o30YMm2HtqbsLBr97lk","baseKeyType":2,"closed":-1,"used":1752456579325,"created":1752456579325,"remoteIdentityKey":"BcvrMRRZd2T4PHI1PEswkkptqFzYE0u01czveZCZhUN0"},"_chains":{"BQy3XTP1rayQsbxLvv7RbLzGBSIP+oLQi9JXoKp73chh":{"chainKey":{"counter":0,"key":"1kIqt4aj7HzsUpYSLYWrb0bAOPqsVmWG6e+jWZGqdFg="},"chainType":2,"messageKeys":{}},"BTW6b0nVnyEaA9FCTG0w5BsFvr+68x5VOdePVym1lBEr":{"chainKey":{"counter":-1,"key":"2UcxHtAySdmovgpAWovh/4IQHFJWzviwwCzlH2kMqtQ="},"chainType":1,"messageKeys":{}}}}},"version":"v1"}