{"_sessions":{"BTFtM2RU8wLvZJmC38EHIOyzQjDb2spDQQy+iLud1YwY":{"registrationId":1340540246,"currentRatchet":{"ephemeralKeyPair":{"pubKey":"BVHsUDEthDL1JyGZEePne3zAXNj4Z/N931oermKC6I81","privKey":"AKeHqPBPVM+CVI0txYURf0PKnrqndfc4c/CzRAHIemY="},"lastRemoteEphemeralKey":"Bb4mPLmDD8D9fgR0RKhOmyxtTCo+BHOrYmG67uwY+xMh","previousCounter":0,"rootKey":"gmdGj+/vAxnts3YvA+Xh5Jx1Xb5KQxcha/wXMV/rTzU="},"indexInfo":{"baseKey":"BTFtM2RU8wLvZJmC38EHIOyzQjDb2spDQQy+iLud1YwY","baseKeyType":2,"closed":-1,"used":1752456571695,"created":1752456571695,"remoteIdentityKey":"BVGxbr6pOAlkYVF7/3vchzGnY4okHJi9VSwl4fXr8hMs"},"_chains":{"Bb4mPLmDD8D9fgR0RKhOmyxtTCo+BHOrYmG67uwY+xMh":{"chainKey":{"counter":1,"key":"JUTXAmoYSytPRBNjYOkCmd5TlXKN6cj7EJpvJ3MVQ5M="},"chainType":2,"messageKeys":{}},"BVHsUDEthDL1JyGZEePne3zAXNj4Z/N931oermKC6I81":{"chainKey":{"counter":-1,"key":"9KPdbEMYAZGO4jWGLrrWD0P9mkvjpnMFS4sFELWIwjo="},"chainType":1,"messageKeys":{}}}}},"version":"v1"}