{"_sessions":{"BSx8S1aIEc1/RtpzcICe97Sq4En1AitDzcEJcxKdB3hi":{"registrationId":995428154,"currentRatchet":{"ephemeralKeyPair":{"pubKey":"BcKh7KfwIgICq/bEcm7TEy7dQmmkEoc5apC08GxDWRkn","privKey":"uM3WrDv4kBzDDUBaeMOEtvP3JaJaEag+YTu7EsiCL1g="},"lastRemoteEphemeralKey":"BQYHzcbcpcq20x7pH5rlxgF5ZhJ4QT9RWqaahebzWxsW","previousCounter":0,"rootKey":"YBIuIU0V2tYN82BbB/8wgw9yBAcRo568jf8WsQt7vSM="},"indexInfo":{"baseKey":"BSx8S1aIEc1/RtpzcICe97Sq4En1AitDzcEJcxKdB3hi","baseKeyType":2,"closed":-1,"used":1752456571130,"created":1752456571130,"remoteIdentityKey":"Bbpa/CbSQbd8JyLcMZ3c0i/5AIpIq/X00+yNB93hKjB9"},"_chains":{"BQYHzcbcpcq20x7pH5rlxgF5ZhJ4QT9RWqaahebzWxsW":{"chainKey":{"counter":2,"key":"zpDq8RjCeMXn7vKmPMkMO07v691TfZZ66N4jW9ghO/8="},"chainType":2,"messageKeys":{"0":"9JRDMaPGJCudpyQ0bu6qyqArteTZic+9x5pNW+K8Lvw="}},"BcKh7KfwIgICq/bEcm7TEy7dQmmkEoc5apC08GxDWRkn":{"chainKey":{"counter":-1,"key":"NXXoFGibNKeOviG63fvYZaweSL3/v472uIgr5HW5Jm8="},"chainType":1,"messageKeys":{}}}}},"version":"v1"}