{"_sessions":{"BeGJMwQ3/fn1l/Bz3cSqU5jFV2FWvVVqz9r8lybutCgu":{"registrationId":11293,"currentRatchet":{"ephemeralKeyPair":{"pubKey":"BVe7oU3Pr6H/aPsTzbhjT0UU845/bS4zfg0l64VzntQI","privKey":"ID0D//9Zqcgpf/YN1ms7SmsEgWZpsOEyFJyYYvlSuUY="},"lastRemoteEphemeralKey":"BYQIT6hsX74URV7a/vPP6ED0WP3TiCO0yO86ib5OKZ5c","previousCounter":0,"rootKey":"uHuP+acw6CA7sV1WJB6j5IKu2mgaQclvf0h34ZOgTmw="},"indexInfo":{"baseKey":"BeGJMwQ3/fn1l/Bz3cSqU5jFV2FWvVVqz9r8lybutCgu","baseKeyType":2,"closed":-1,"used":1752306489082,"created":1752306489082,"remoteIdentityKey":"BXDP16XExTEzoG19BTQaS95mT0/GXvJSOhxoACn97+MF"},"_chains":{"BYQIT6hsX74URV7a/vPP6ED0WP3TiCO0yO86ib5OKZ5c":{"chainKey":{"counter":0,"key":"NEHFj+/CR5vylPOCNRrEyK9dQsKmITmD2PCF9CfJLVc="},"chainType":2,"messageKeys":{}},"BVe7oU3Pr6H/aPsTzbhjT0UU845/bS4zfg0l64VzntQI":{"chainKey":{"counter":-1,"key":"8Fqyvlxf+HKBQksSsbweHJhsjB3Jwa1+OmchYWteiW4="},"chainType":1,"messageKeys":{}}}}},"version":"v1"}