{"_sessions":{"BXtcPzKzeiEr3MjLgATtW7PqixDUsRPKQLkEIZaRHdcM":{"registrationId":1112914944,"currentRatchet":{"ephemeralKeyPair":{"pubKey":"BTQZ5gIuzZU+AxfElbIFXYfsYay54jQm55IUn5XGkAdD","privKey":"SDUStIyWoddMueWepDyTPFPzgcy6/j99yL7FZfibRlI="},"lastRemoteEphemeralKey":"BRn9BybWjo2yxd9NX25F3fo2zFx42irjvtfKMiY9cpkU","previousCounter":0,"rootKey":"QN7rpNsxLvIX3NMab9IzsMDo8GK/OzLVmArMMF7YVyU="},"indexInfo":{"baseKey":"BXtcPzKzeiEr3MjLgATtW7PqixDUsRPKQLkEIZaRHdcM","baseKeyType":2,"closed":-1,"used":1752317328372,"created":1752317328372,"remoteIdentityKey":"BUYIa9PSIa4BN1k4Fyo2jQLwGfiGsMPatq4Agb+4tjol"},"_chains":{"BRn9BybWjo2yxd9NX25F3fo2zFx42irjvtfKMiY9cpkU":{"chainKey":{"counter":1,"key":"14AADK6cbqhwchOBB/G+GryxYxfvOznJVfYWx1Bsgyk="},"chainType":2,"messageKeys":{}},"BTQZ5gIuzZU+AxfElbIFXYfsYay54jQm55IUn5XGkAdD":{"chainKey":{"counter":-1,"key":"ghGx/q3vQjqPMsqWzUMo1hWRR0pZdix52hXHRRSnECE="},"chainType":1,"messageKeys":{}}}}},"version":"v1"}