{"_sessions":{"BZIMsK1MRMQkW6XWy3iCjccMImJKqJo6wN6omWB6EuJP":{"registrationId":1424229617,"currentRatchet":{"ephemeralKeyPair":{"pubKey":"Be3mDtgjvvjM8lKgAT3wGsPkNMURz1pWAvmwH0Y24400","privKey":"6I73QZs7DXhKInyGKdMEU2ZAH6QjwfrDCafu23hsbHQ="},"lastRemoteEphemeralKey":"BZ3OzlPOt9jG3v07nNWdttMPsIiyWg0gst4x7jFU2sgA","previousCounter":0,"rootKey":"sqDkhqgUdTDmLV0skfIK3qz6IE0aU5uLciH35V5MLxw="},"indexInfo":{"baseKey":"BZIMsK1MRMQkW6XWy3iCjccMImJKqJo6wN6omWB6EuJP","baseKeyType":2,"closed":-1,"used":1752456575463,"created":1752456575463,"remoteIdentityKey":"BYa/ZrivEzsZ9uioPt9aOpxZs4uQU+U0i5BDfOUl5rY5"},"_chains":{"BZ3OzlPOt9jG3v07nNWdttMPsIiyWg0gst4x7jFU2sgA":{"chainKey":{"counter":0,"key":"iRZbI2fY0wheLVk1rV8wUyf2fNQbUEuN8xjnGPTtPJw="},"chainType":2,"messageKeys":{}},"Be3mDtgjvvjM8lKgAT3wGsPkNMURz1pWAvmwH0Y24400":{"chainKey":{"counter":-1,"key":"pEbAIbGusq4hB7QpRjLPfhpobH7JN72ym5zhXWDgDiQ="},"chainType":1,"messageKeys":{}}}}},"version":"v1"}