{"_sessions":{"BfOAE7msoxMysZ54i1SWvRsZEgqcoKmxSYLSpVO5NltV":{"registrationId":1578685254,"currentRatchet":{"ephemeralKeyPair":{"pubKey":"BW/tqKm/OVJ3MBTyLMrjRLRrZvR4NOBFMSyVnPlv6xoS","privKey":"YG0qUaJTwQS0823UgCAXrsD0FePwtnZgc78jSYW6y2s="},"lastRemoteEphemeralKey":"BWcRxv6fB4dvnhbC7JqMiRujgbC7gEVUYWzHP/qtnn51","previousCounter":0,"rootKey":"6SfB5Tb0nczQNHuf/58aOkESeatAR4dQ5Ba/tY8pMU4="},"indexInfo":{"baseKey":"BfOAE7msoxMysZ54i1SWvRsZEgqcoKmxSYLSpVO5NltV","baseKeyType":2,"closed":-1,"used":1752456565137,"created":1752456565137,"remoteIdentityKey":"Bd0XrPMahJN7ggLWeow+hxTbQS1rxbewUoI3Aeh4vqc1"},"_chains":{"BWcRxv6fB4dvnhbC7JqMiRujgbC7gEVUYWzHP/qtnn51":{"chainKey":{"counter":0,"key":"gurmAgWRdxC1zTke77BpHXPVVq5GpePR18X1EQR25L4="},"chainType":2,"messageKeys":{}},"BW/tqKm/OVJ3MBTyLMrjRLRrZvR4NOBFMSyVnPlv6xoS":{"chainKey":{"counter":-1,"key":"LXmfFAmD/DRPtIMC1wqm6iDt17kzn+REbMwJkpDVdFs="},"chainType":1,"messageKeys":{}}}}},"version":"v1"}