{"_sessions":{"BRh6ijiBZsxMIduKLUsDKOuFebPHN6uHHKZEGUKsmkAW":{"registrationId":861360739,"currentRatchet":{"ephemeralKeyPair":{"pubKey":"BepbYuL3PIFTA6hM8JTW7TC7G012Q07/M9kHIi6Zt2g1","privKey":"AKp3msgvZqEna1SO65hv/EDtLJdVh7qGAEjHN2rYjVE="},"lastRemoteEphemeralKey":"BbeE8RY6B+yczwUIjI89LaYk/hTtnm+Kq23gxXLd2k4y","previousCounter":0,"rootKey":"IqaDm3CvWBhvNontRcznTmQ77/VAVrMOAMwXceAsGhA="},"indexInfo":{"baseKey":"BRh6ijiBZsxMIduKLUsDKOuFebPHN6uHHKZEGUKsmkAW","baseKeyType":2,"closed":-1,"used":1752456574419,"created":1752456574419,"remoteIdentityKey":"BbsfCWVIh1men46UuIXu51nb5hl6dd/pO8hOZKKcpqB3"},"_chains":{"BbeE8RY6B+yczwUIjI89LaYk/hTtnm+Kq23gxXLd2k4y":{"chainKey":{"counter":0,"key":"cDi8UjVZakFsg7r1ux7SH/n/19CLblzaheHlGdsXJes="},"chainType":2,"messageKeys":{}},"BepbYuL3PIFTA6hM8JTW7TC7G012Q07/M9kHIi6Zt2g1":{"chainKey":{"counter":-1,"key":"FlVG0p45tgurmXqPeoWm/6si8ZXaQB7bU5zR0RVi0i0="},"chainType":1,"messageKeys":{}}}}},"version":"v1"}