{"_sessions":{"Belrf+77+P4deRBlk4UhZhpEsWaEKcq4yM3LV0ZFA84l":{"registrationId":107706158,"currentRatchet":{"ephemeralKeyPair":{"pubKey":"Bdf87X7Ywhra68LdOrynfU3AMW6vyAvlnEtFaSPAbG0Z","privKey":"KEV6SLNDw+WlNnbIG7vLjzyZVOjbq5WS4UK9bcW+818="},"lastRemoteEphemeralKey":"BVc/y1NDndc3G5l8Oytehboqayp+wEJcaHNVBpWa8kMm","previousCounter":0,"rootKey":"WQHuzvldoWYRKmKlUu9xBecjV3y266LdEsi/YEkqPI4="},"indexInfo":{"baseKey":"Belrf+77+P4deRBlk4UhZhpEsWaEKcq4yM3LV0ZFA84l","baseKeyType":1,"closed":-1,"used":1752306866506,"created":1752306866506,"remoteIdentityKey":"Barc/SJguogl1dsLF7Uh4IIVjS/QBxJ7a5foXO/FJTof"},"_chains":{"Bdf87X7Ywhra68LdOrynfU3AMW6vyAvlnEtFaSPAbG0Z":{"chainKey":{"counter":0,"key":"tpDeQG3hQydaYOmQhCkscV7x8YLPm5pTc7YxlT0NaK0="},"chainType":1,"messageKeys":{}}},"pendingPreKey":{"signedKeyId":7042862,"baseKey":"Belrf+77+P4deRBlk4UhZhpEsWaEKcq4yM3LV0ZFA84l"}}},"version":"v1"}