{"_sessions":{"BZnTQQGX9bpsgdY6vd2X0BzwQS0/wTunf/tPONeoC+tk":{"registrationId":573885025,"currentRatchet":{"ephemeralKeyPair":{"pubKey":"BXqZF5gY/aChrtsVQyDhtqTvfh0MF5pwT8Xar78X+ANg","privKey":"AGFO2ie8D4RIfTogiJqgW9Kfln/jgnoS4GQaLqP5V30="},"lastRemoteEphemeralKey":"BddNsZ8FpEeQQoZ4c3pS6Ew9V8xTqblcIOWxRO0tGV5m","previousCounter":0,"rootKey":"thhFG82MZW4GqARwwRbjELmnsI/7hHgY1V91WHYEIc8="},"indexInfo":{"baseKey":"BZnTQQGX9bpsgdY6vd2X0BzwQS0/wTunf/tPONeoC+tk","baseKeyType":2,"closed":-1,"used":1752456585419,"created":1752456585419,"remoteIdentityKey":"BRCV/Z+ZMd6KKM+HNyH5EvzKBcYkvCHEhlHJiPx/nxtc"},"_chains":{"BddNsZ8FpEeQQoZ4c3pS6Ew9V8xTqblcIOWxRO0tGV5m":{"chainKey":{"counter":0,"key":"zZziHIwwzHkCv2Za3TA+fFg/be530+INyBTdiIfmTc4="},"chainType":2,"messageKeys":{}},"BXqZF5gY/aChrtsVQyDhtqTvfh0MF5pwT8Xar78X+ANg":{"chainKey":{"counter":-1,"key":"BwV3/l61Tf40+S0zYOhTHcMc8ig2DvlE81pPZxwrQQk="},"chainType":1,"messageKeys":{}}}}},"version":"v1"}