{"_sessions":{"BSjrqSFjbWIv+0Nd876kuEPpNrZ+SdKsQt4bcIopY0xk":{"registrationId":795560692,"currentRatchet":{"ephemeralKeyPair":{"pubKey":"BbVD7KC8RVD0jVjKleJ1mXnmulrNugINL1txd+gZQxsS","privKey":"WEqtdakQpmj0grDlWAwSfhr5Xqv1rf93CHX7dcx4nHE="},"lastRemoteEphemeralKey":"Bc2EofG/P5ypYTKSgfEmlrugD0vKJRr4uUznrTsuhkQ3","previousCounter":0,"rootKey":"Ctor5NurYB/zahVm9QxQGIoEZw1ISp4ba5oo6DB5968="},"indexInfo":{"baseKey":"BSjrqSFjbWIv+0Nd876kuEPpNrZ+SdKsQt4bcIopY0xk","baseKeyType":2,"closed":-1,"used":1752456587294,"created":1752456587294,"remoteIdentityKey":"BcpK5mpGM7ALcZiRGKPWYW0E9Pmrlp8Egq6MVVE+KS5z"},"_chains":{"Bc2EofG/P5ypYTKSgfEmlrugD0vKJRr4uUznrTsuhkQ3":{"chainKey":{"counter":0,"key":"QUv6fauPAweOckRF/cMiZsLp0L2FDY0y+y98DLtrxrI="},"chainType":2,"messageKeys":{}},"BbVD7KC8RVD0jVjKleJ1mXnmulrNugINL1txd+gZQxsS":{"chainKey":{"counter":-1,"key":"GvNNVRw6W06FomA/4GOW3c3HrTXMsvkw6TZXKkT2gPw="},"chainType":1,"messageKeys":{}}}}},"version":"v1"}