{"_sessions":{"Bb/TWS768FmnnHxKlhOjR6196xwzQLalrR+Esd6fN9Il":{"registrationId":898200496,"currentRatchet":{"ephemeralKeyPair":{"pubKey":"BW5dQ5PDKnpa10KUqtl+pl+N11mQN3UNIIZuzSmD8JIM","privKey":"CEXedupJz/RWYgKRUz05yNScR9MG1d+cfY8TA1H88V4="},"lastRemoteEphemeralKey":"BazCCTTT63WJOoacu0v8t9YDw9qdQAwrqp0OrIFeeRU0","previousCounter":0,"rootKey":"y08J7jQ3eLDBxbIlNbAkrXmYBjjuJeTl/4PBsGSAmOs="},"indexInfo":{"baseKey":"Bb/TWS768FmnnHxKlhOjR6196xwzQLalrR+Esd6fN9Il","baseKeyType":2,"closed":-1,"used":1752456587413,"created":1752456587413,"remoteIdentityKey":"BQdckXUIBlnr8HGQb3v9l3j8EFUzzVU1k+Vjef3wQvxf"},"_chains":{"BazCCTTT63WJOoacu0v8t9YDw9qdQAwrqp0OrIFeeRU0":{"chainKey":{"counter":0,"key":"idutuk6Km3i21cvb311uS5Cq0tfE4JXSpSzUVS9O1wY="},"chainType":2,"messageKeys":{}},"BW5dQ5PDKnpa10KUqtl+pl+N11mQN3UNIIZuzSmD8JIM":{"chainKey":{"counter":-1,"key":"Qd7ca9QBjDBjhhD+dZHsy5sobxPB32q9BgCVpb/HlUQ="},"chainType":1,"messageKeys":{}}}}},"version":"v1"}