{"_sessions":{"BS1mZDJ0D1W9/Ez4K4XokyEKG90EROkL7u3WcimNedkK":{"registrationId":28764704,"currentRatchet":{"ephemeralKeyPair":{"pubKey":"BYYRrYvNQIB3/IwbavGO6MjNIEU0i5p0vaA6TMu16agZ","privKey":"wGSOOpvGLhcAfUGoeX4V7PCJD8yWK7HJ0EhuI3Q9lmE="},"lastRemoteEphemeralKey":"BdVft453GxtuM6ySwplXZogbVeyKvPlyDYcJ7arRIpAz","previousCounter":0,"rootKey":"JYU0hkQJ+Z6DotIreXNppNLpM1RUwu8kv5sWP20K9zo="},"indexInfo":{"baseKey":"BS1mZDJ0D1W9/Ez4K4XokyEKG90EROkL7u3WcimNedkK","baseKeyType":1,"closed":-1,"used":1752309366579,"created":1752309366579,"remoteIdentityKey":"BVztjG5hQEPYvCIDfw+A3B7Hi48LTN856Z57Pj95LA4T"},"_chains":{"BYYRrYvNQIB3/IwbavGO6MjNIEU0i5p0vaA6TMu16agZ":{"chainKey":{"counter":1,"key":"6K0T3OPgp3IX04t4oIoVt8av5PmWzZZcF9+2ldRESgk="},"chainType":1,"messageKeys":{}}},"pendingPreKey":{"signedKeyId":11987488,"baseKey":"BS1mZDJ0D1W9/Ez4K4XokyEKG90EROkL7u3WcimNedkK"}}},"version":"v1"}