{"_sessions":{"BcsR/1n4eUa2CH3FAsTLrtlFEr1PsUe/U+7I/fJe6Dwo":{"registrationId":8367240,"currentRatchet":{"ephemeralKeyPair":{"pubKey":"BfFcHMcRuWmORPt1tZK4i/8gP1bd/SyyeWhZDXh3ZScn","privKey":"wLPqNGk7YF/OvRsOqByWnz6HNurXXnc4uT3XmB5sbV0="},"lastRemoteEphemeralKey":"BVfAZDJCEj89Yn64dqJKF8KCXqueM1v+UjCEBVj6hjh7","previousCounter":0,"rootKey":"xgw4Xor7pE2YjGq3t88JTaWmgN8MVSBaJj+VBvBrHKU="},"indexInfo":{"baseKey":"BcsR/1n4eUa2CH3FAsTLrtlFEr1PsUe/U+7I/fJe6Dwo","baseKeyType":2,"closed":-1,"used":1752456576515,"created":1752456576515,"remoteIdentityKey":"BSXDbxMUOj9jfc4MQylvPwCjqaw9pWL+QU0jNLsSfxBV"},"_chains":{"BVfAZDJCEj89Yn64dqJKF8KCXqueM1v+UjCEBVj6hjh7":{"chainKey":{"counter":0,"key":"0r293Qmnb+szZ425zGnli2qauRMdyGVassbKOX7aQM4="},"chainType":2,"messageKeys":{}},"BfFcHMcRuWmORPt1tZK4i/8gP1bd/SyyeWhZDXh3ZScn":{"chainKey":{"counter":-1,"key":"+VnS79egVQZbRoc2y9Gxy8SB8pnWEIN1kIKuu5zbr10="},"chainType":1,"messageKeys":{}}}}},"version":"v1"}