{"_sessions":{"BWQGSJp7PeCeMR7+ulU2mOviFx3kWTkbdJ/4UVVCar1W":{"registrationId":4554,"currentRatchet":{"ephemeralKeyPair":{"pubKey":"BTF/DG+C26UEVAAz1L9LrpkL7CxAmSk4GhwadPJDEM5o","privKey":"MM5GBOxBwd94jfS09e/SIDzTLkMjYTX0XAbhtLi5M1I="},"lastRemoteEphemeralKey":"BZ9fc29tgilVj2u2L8Gdyjfp0UdK33gG3f4APFjoolZP","previousCounter":10,"rootKey":"/a12AX3f8g1zGbOAfQQ1XG3KPh2YP6gll0qmD97cM+U="},"indexInfo":{"baseKey":"BWQGSJp7PeCeMR7+ulU2mOviFx3kWTkbdJ/4UVVCar1W","baseKeyType":1,"closed":-1,"used":1752456574937,"created":1752306866504,"remoteIdentityKey":"BYgJZb2NN7HhYKKEFOLJfE5YQSugqo1iThLCidgZoVoN"},"_chains":{"BZ9fc29tgilVj2u2L8Gdyjfp0UdK33gG3f4APFjoolZP":{"chainKey":{"counter":0,"key":"BqvLzDMBB1Pc2aspXqv6AgX7PJDEMz2Gqg/lelk3LS4="},"chainType":2,"messageKeys":{}},"BTF/DG+C26UEVAAz1L9LrpkL7CxAmSk4GhwadPJDEM5o":{"chainKey":{"counter":-1,"key":"o7wGCtgY2eU8f0YRUPNUl+eiqdeBrUMA10yPpi1sh+I="},"chainType":1,"messageKeys":{}}}}},"version":"v1"}