{"_sessions":{"BUYi1br19PAQEQ7Ay4vCfKMjO67gGVh0NC4+tmlJgqEv":{"registrationId":1373909800,"currentRatchet":{"ephemeralKeyPair":{"pubKey":"BTftZ8ja2fgrhI7Z3aiP1yoV5yyDoEg/sa1J2xhI+HAC","privKey":"4AwB4fpVgY/ecdi9Ts7qduWnIghvS0nlYTPllx+NMX4="},"lastRemoteEphemeralKey":"BWgHRebrx2WViCAtI3rdGuuEgv7H9lOsHqtnO+EVFQU0","previousCounter":0,"rootKey":"caX44RZup+nK2McambjwP6B1eOvlg9eGC71kRqne1bM="},"indexInfo":{"baseKey":"BUYi1br19PAQEQ7Ay4vCfKMjO67gGVh0NC4+tmlJgqEv","baseKeyType":2,"closed":-1,"used":1752456569715,"created":1752456569715,"remoteIdentityKey":"BWP1MvbRZFt/wj7iYyamUT+RbsLGNv32Y87itoMiCSNg"},"_chains":{"BWgHRebrx2WViCAtI3rdGuuEgv7H9lOsHqtnO+EVFQU0":{"chainKey":{"counter":0,"key":"jbmAYP1GOhfpn8DCtrM0LmFXuCfgb29nFqAPFg5C6Fw="},"chainType":2,"messageKeys":{}},"BTftZ8ja2fgrhI7Z3aiP1yoV5yyDoEg/sa1J2xhI+HAC":{"chainKey":{"counter":-1,"key":"AygR8INVatxFZtqiX6JxEs1LsVUvnKsHor2uVBMmy6M="},"chainType":1,"messageKeys":{}}}}},"version":"v1"}