{"_sessions":{"BZTUXvS3dhCiKZDJ//y0uY/X1O2DDzldYhQoIOS/wScy":{"registrationId":1034411100,"currentRatchet":{"ephemeralKeyPair":{"pubKey":"BaXoAa+FieIcRp4G124U4f9lsHW3t+qAVCT1xgxbCb1G","privKey":"OMlzukEq46Z/D20rGWSHl4TAJScjMFf26cvnmqCAHH8="},"lastRemoteEphemeralKey":"BZWifzJb5maSCZOPMCIuRrV6lpO4zN+H4ztFntCvOktU","previousCounter":0,"rootKey":"Kns3HRQD5Kx0sSMerHFFlBJf4OKXsWD6zW4wZ3n0WH0="},"indexInfo":{"baseKey":"BZTUXvS3dhCiKZDJ//y0uY/X1O2DDzldYhQoIOS/wScy","baseKeyType":2,"closed":-1,"used":1752456569967,"created":1752456569967,"remoteIdentityKey":"Bbnm/3dsEOWoB5qmSQFwuRqBfAEvMKAaKeHhwPjekdBp"},"_chains":{"BZWifzJb5maSCZOPMCIuRrV6lpO4zN+H4ztFntCvOktU":{"chainKey":{"counter":0,"key":"DG39fQottLd43glpHNzAXyGIU67rPEYtBQyfZyoILSk="},"chainType":2,"messageKeys":{}},"BaXoAa+FieIcRp4G124U4f9lsHW3t+qAVCT1xgxbCb1G":{"chainKey":{"counter":-1,"key":"2T7c2zIK41jW78UqxrtnFH02s+mCTiilGTFV5dX1fg0="},"chainType":1,"messageKeys":{}}}}},"version":"v1"}