{"_sessions":{"BZX/7UnaQ1qzfu3CJnYqyHgVFS0cf2jsZufpFRDagwY+":{"registrationId":1684796271,"currentRatchet":{"ephemeralKeyPair":{"pubKey":"BRUVYtqVAW0PYvPKNsvhyg4ZZVwPAMj6ghY+SykV/tVI","privKey":"SET7yVQeK0Ea7iAu3So4uroMWr/YOF8ggo46oVArAkc="},"lastRemoteEphemeralKey":"Bf5vGeOIM2oJWc8ARiB5AxB3BAnfNDLaKDvUIBPbvNt/","previousCounter":0,"rootKey":"q54B64xyQ4J2sage4w/Abnt7Fx/nW5AJCw7pWS1L4i4="},"indexInfo":{"baseKey":"BZX/7UnaQ1qzfu3CJnYqyHgVFS0cf2jsZufpFRDagwY+","baseKeyType":2,"closed":-1,"used":1752456963848,"created":1752456963848,"remoteIdentityKey":"BTFNSiw55vc9i2vQolz7lYOxn40LXzcktzMASSY6HYMd"},"_chains":{"Bf5vGeOIM2oJWc8ARiB5AxB3BAnfNDLaKDvUIBPbvNt/":{"chainKey":{"counter":0,"key":"0j+EtPGdkpSQOSXePwwavzsr7trTCkBIG4URFcXVjTs="},"chainType":2,"messageKeys":{}},"BRUVYtqVAW0PYvPKNsvhyg4ZZVwPAMj6ghY+SykV/tVI":{"chainKey":{"counter":-1,"key":"ML6G4nYuGDjXzAnqndokPVnlcrpneH2lMsvRPIU0Cys="},"chainType":1,"messageKeys":{}}}}},"version":"v1"}