{"_sessions":{"BYa5k+dpgAtjipwChAuB1Wem6OsldiDzEi1lrnRRJ/8I":{"registrationId":1645390889,"currentRatchet":{"ephemeralKeyPair":{"pubKey":"BWHXqclvC6gvLslBrSRvHU/MJCrQcoahTX3efLfcIOcA","privKey":"WB+0FdgisWZjnDzpOprEj+aPHvgvUr+/AEXCsE3o0mw="},"lastRemoteEphemeralKey":"BUOrF7hWbDnF3SUBifDSbuwhPZY2l1s8n2sKEC8JyrFR","previousCounter":0,"rootKey":"Pux6VTy7qyhcr8Jki8QtDQ81Vr0NSkl6ZeI/f6A/QqM="},"indexInfo":{"baseKey":"BYa5k+dpgAtjipwChAuB1Wem6OsldiDzEi1lrnRRJ/8I","baseKeyType":2,"closed":-1,"used":1752456565149,"created":1752456565149,"remoteIdentityKey":"BVCEmAghSUQfrqFllX5gGJiVO/rnBIs+gFLlTi8airIH"},"_chains":{"BUOrF7hWbDnF3SUBifDSbuwhPZY2l1s8n2sKEC8JyrFR":{"chainKey":{"counter":0,"key":"loLFMpcknXHJKtq9bbCf6kw8he396eAktnstnu12bYw="},"chainType":2,"messageKeys":{}},"BWHXqclvC6gvLslBrSRvHU/MJCrQcoahTX3efLfcIOcA":{"chainKey":{"counter":-1,"key":"r7usozMapZevSwoszHHARxTvTP8dxTaR6/IVfu42LBw="},"chainType":1,"messageKeys":{}}}}},"version":"v1"}