{"_sessions":{"BXhla2WA8EGBLiWYGyMOXPY8LrDKADCAy+GUEyw/Csk/":{"registrationId":2074913781,"currentRatchet":{"ephemeralKeyPair":{"pubKey":"BVnos8jLolMiFT/2tVNSTThKlDB6hGvAJQ97cQOhHxNI","privKey":"2O5bQb+GXizJTXhvbeULs9F4nljsFJAdn3zJ7OyZykw="},"lastRemoteEphemeralKey":"BfSXT9cnnAJGXfWnAPg9FeAksp9dS8IesAAYf4yg/QNB","previousCounter":0,"rootKey":"0ImuvmJU6Hd0PBWGRL6X39P0/F6Cmhx6GjRmxMmMDlA="},"indexInfo":{"baseKey":"BXhla2WA8EGBLiWYGyMOXPY8LrDKADCAy+GUEyw/Csk/","baseKeyType":2,"closed":-1,"used":1752456571151,"created":1752456571151,"remoteIdentityKey":"BW8JEna4e4ezaTCwcC2Pz36qEXYJQv7fs9EQpPMxfqIe"},"_chains":{"BfSXT9cnnAJGXfWnAPg9FeAksp9dS8IesAAYf4yg/QNB":{"chainKey":{"counter":1,"key":"FrqRhRDkuNgTYfegBKTwAyDWXYXEN2B4OOt7aYD74zI="},"chainType":2,"messageKeys":{}},"BVnos8jLolMiFT/2tVNSTThKlDB6hGvAJQ97cQOhHxNI":{"chainKey":{"counter":-1,"key":"Xc64jDVFRq2NfHHis7pI/EfnELFQeoa2sI8vNbSiOWg="},"chainType":1,"messageKeys":{}}}}},"version":"v1"}