{"_sessions":{"BYfeFnoCGVnuqLMQpIzSx+9UMlmmFJhPxSOl9ycW9/AC":{"registrationId":1744261686,"currentRatchet":{"ephemeralKeyPair":{"pubKey":"BbFSdw8r+ZEITNE4Ua5thoM7KWvg+RQXU3raLl8iUgQi","privKey":"wCcwa7Lx7OzyDRViPpsTD06+D3SVjoyo5nG9h9gy8Fs="},"lastRemoteEphemeralKey":"BQ25XiUa7hEgwaNBcZJ7FG9XA95D2SPVS4fLjLJbh1YT","previousCounter":0,"rootKey":"qejPpTYhN1yZtDmVH4IRePGYtscJDs7kXjoFG6m/LH4="},"indexInfo":{"baseKey":"BYfeFnoCGVnuqLMQpIzSx+9UMlmmFJhPxSOl9ycW9/AC","baseKeyType":2,"closed":-1,"used":1752456573818,"created":1752456573818,"remoteIdentityKey":"BRX2l8Ot44iPQe8i/AE27cG3fRneLa6kUr9DZgCYslM9"},"_chains":{"BQ25XiUa7hEgwaNBcZJ7FG9XA95D2SPVS4fLjLJbh1YT":{"chainKey":{"counter":1,"key":"kEVfaWDirLolhViI59AeRxiIWD86Ubnypvo2C1mWOWs="},"chainType":2,"messageKeys":{}},"BbFSdw8r+ZEITNE4Ua5thoM7KWvg+RQXU3raLl8iUgQi":{"chainKey":{"counter":-1,"key":"UaU8ILv6hkNdJuZM3a7YBdLlRuYsEk8AL7/N5CKOSeI="},"chainType":1,"messageKeys":{}}}}},"version":"v1"}