{"_sessions":{"BbAZMsX0oDd5za1XPp4qXbXc5sz9APIhQF32OH1EgkUP":{"registrationId":2084080559,"currentRatchet":{"ephemeralKeyPair":{"pubKey":"BYW+P1QJLCoCCSCRhWswyJgEPg2/8rMnUqt/R7ilaTYy","privKey":"QDDQ8WpxV/AcRTMErOj1dBlCxGL9zWL3x36P5M7y/E8="},"lastRemoteEphemeralKey":"BdSsVoPtHrnkRnQiooCE4jjJwXErJN0D+gzP4K7aarh9","previousCounter":0,"rootKey":"lu0+YkAZFHnksRrofW1OkqXtho4ITc1EXqiiRlBjxDQ="},"indexInfo":{"baseKey":"BbAZMsX0oDd5za1XPp4qXbXc5sz9APIhQF32OH1EgkUP","baseKeyType":2,"closed":-1,"used":1752456581174,"created":1752456581174,"remoteIdentityKey":"BTRZ9iD41DSKqu2ljFthZh4RQPgmf01fMIwqtOh1JQMi"},"_chains":{"BdSsVoPtHrnkRnQiooCE4jjJwXErJN0D+gzP4K7aarh9":{"chainKey":{"counter":2,"key":"/NIgPFE6Keg9q8olIsbrePoKeIgfviNrrMdFijOkWYQ="},"chainType":2,"messageKeys":{"0":"3Mt8PGOdmtU9+W3WAwnGKo02W7S4aOduBYTCla+i9pA=","1":"6n/Fz21suKyfQb0KslwUBeKLelhCo2A3Cj7SEJ3j80c="}},"BYW+P1QJLCoCCSCRhWswyJgEPg2/8rMnUqt/R7ilaTYy":{"chainKey":{"counter":-1,"key":"6gtehuMzYFp6I659mIqaUkR+eLoAVFU51Up2Uc3JK0o="},"chainType":1,"messageKeys":{}}}}},"version":"v1"}