{"_sessions":{"BfBlHDqUWb5GH4hxrgFHJ7dTsgvjZgPGnLKE/UWp4U1m":{"registrationId":1637660983,"currentRatchet":{"ephemeralKeyPair":{"pubKey":"BZTvX5FOUuctaQWZiI5vsidU4pEKHhvoUHAPgzDTmLIb","privKey":"gKn8mhEGNsgtHHcdoLoi76JysfBcOjKG6ofeVcXJiUk="},"lastRemoteEphemeralKey":"BdE/bflanYQu2CUKk7Cr06unyZKGMX+n6z0Q474c/ORX","previousCounter":0,"rootKey":"ZrlKFRzDbC3YQn70qvaOhPZAHN64tDotvORetwfvVYs="},"indexInfo":{"baseKey":"BfBlHDqUWb5GH4hxrgFHJ7dTsgvjZgPGnLKE/UWp4U1m","baseKeyType":2,"closed":-1,"used":1752456571676,"created":1752456571676,"remoteIdentityKey":"BZsFk6GhqJ2WPRCX73PjesLhsIK6B/WBkShwVGSwBnk/"},"_chains":{"BdE/bflanYQu2CUKk7Cr06unyZKGMX+n6z0Q474c/ORX":{"chainKey":{"counter":0,"key":"FU9oh3qrXzsJzY1hsepDrH4UIFu+2/F4JRIXw2PpjtU="},"chainType":2,"messageKeys":{}},"BZTvX5FOUuctaQWZiI5vsidU4pEKHhvoUHAPgzDTmLIb":{"chainKey":{"counter":-1,"key":"9yCuHTzp63ZYmaNDbIzdXeyMU3FvPZ2tFWIQly80xHA="},"chainType":1,"messageKeys":{}}}}},"version":"v1"}